,room,floor,floor_counts,square,price,metro_foot_minute,zone,district,metro
0,2,22,34,50.6,59236384,14,ЗАО,Дорогомилово,Кутузовская
1,3,7,10,190.0,139000000,5,ЦАО,Басманный,Бауманская
2,2,2,14,85.6,156750000,2,ЦАО,Якиманка,Боровицкая
3,3,3,15,104.0,65200000,7,САО,Аэропорт,Динамо
4,2,4,13,86.28,101797752,8,ЦАО,Мещанский,Цветной бульвар
5,2,7,12,78.0,102999000,6,ЦАО,Хамовники,Фрунзенская
6,2,8,9,64.5,89010000,1,ЦАО,Тверской,Маяковская
7,3,5,21,116.8,120000000,7,ЦАО,Пресненский,Улица 1905 года
8,2,3,27,58.0,30272464,18,ЮАО,Даниловский,Серпуховская
9,3,5,21,116.78,120000000,7,ЦАО,Пресненский,Улица 1905 года
10,2,37,54,55.42,25667019,6,САО,Савеловский,Дмитровская
11,2,3,21,51.0,52000000,9,ЦАО,Пресненский,Улица 1905 года
12,,,,,103787040,9,ЦАО,Пресненский,Улица 1905 года
13,2,6,6,130.0,58000000,6,САО,Беговой,Белорусская
14,2,2,5,88.5,198460000,3,ЦАО,Тверской,Площадь Революции
15,3,2,4,140.0,227576030,4,ЦАО,Мещанский,Трубная
16,2,10,27,38.7,18707580,20,ЮАО,Даниловский,Серпуховская
17,3,3,15,99.9,160000000,8,ЦАО,Хамовники,Спортивная
18,2,8,8,121.2,159473684,9,ЦАО,Арбат,Смоленская
19,2,7,14,95.0,166990000,6,ЦАО,Хамовники,Спортивная
20,2,4,17,49.8,52006000,12,ЦАО,Хамовники,Воробьёвы горы
21,3,2,6,110.5,99000000,10,ЦАО,Пресненский,Пушкинская
22,,,,,180000000,10,ЦАО,Якиманка,Новокузнецкая
23,3,6,15,100.0,50000000,13,ЦАО,Пресненский,Шелепиха
24,2,3,26,64.4,26821984,3,ЗАО,Филевский парк,Народное Ополчение
25,2,10,21,54.0,61800000,7,ЦАО,Пресненский,Улица 1905 года
26,2,2,11,47.0,24524600,24,ЗАО,,Павшино
27,3,3,16,183.9,275471699,6,ЦАО,Арбат,Смоленская
28,2,23,42,41.6,25708800,20,ЮЗАО,Котловка,Нагорная
29,2,7,9,108.3,194940000,2,ЦАО,Тверской,Маяковская
30,2,2,14,41.49,36635670,8,ЗАО,Дорогомилово,Киевская
31,2,12,12,77.4,34868700,9,ЦАО,Таганский,Площадь Ильича
32,2,2,7,112.8,106945102,11,ЦАО,Якиманка,Новокузнецкая
33,2,6,6,122.3,68000000,7,САО,Беговой,Белорусская
34,2,2,12,85.94,37315148,24,ЗАО,,Павшино
35,3,5,6,200.8,168208370,5,ЦАО,Тверской,Трубная
36,2,4,13,81.26,34080444,11,ЗАО,,Опалиха
37,2,38,52,63.0,36000000,2,ЦАО,Пресненский,Шелепиха
38,2,2,14,76.3,74540000,11,ЦАО,Пресненский,Белорусская
39,3,5,9,117.0,65500000,7,ЦАО,Тверской,Цветной бульвар
40,2,3,5,178.6,150400000,6,ЦАО,Арбат,Смоленская
41,3,8,15,138.57,159355000,8,ЦАО,Хамовники,Спортивная
42,2,33,41,75.2,38352000,6,ЗАО,Филевский парк,Фили
43,3,8,15,138.57,159355500,8,ЦАО,Хамовники,Спортивная
44,2,2,23,56.0,51860000,12,ЦАО,Пресненский,Улица 1905 года
45,3,8,15,119.5,155350000,8,ЦАО,Хамовники,Спортивная
46,2,3,54,59.94,29501209,14,СЗАО,Хорошево,Полежаевская
47,3,4,6,170.0,190000000,10,ЦАО,Хамовники,Спортивная
48,2,59,85,80.6,68681338,1,ЦАО,Пресненский,Москва
49,2,3,6,127.4,189000000,5,ЦАО,Хамовники,Парк Культуры
50,2,2,23,72.1,30371301,5,ЮАО,Нагатинский затон,Технопарк
51,2,8,9,55.7,40000000,5,ЦАО,Тверской,Белорусская
52,2,3,6,120.3,220620000,5,ЦАО,Басманный,Чистые пруды
53,3,6,13,107.5,160500000,9,ЦАО,Хамовники,Спортивная
54,2,4,21,47.9,15471700,12,ЗАО,Очаково,Давыдково
55,2,5,14,129.5,147800000,10,ЦАО,Хамовники,Спортивная
56,2,3,13,82.36,43963768,24,ЗАО,,Павшино
57,3,2,8,152.2,155000000,6,ЦАО,Хамовники,Спортивная
58,2,2,37,64.3,41409489,8,САО,Беговой,Белорусская
59,3,3,11,118.71,135000000,6,ЦАО,Хамовники,Спортивная
60,1,2,14,72.6,133260000,2,ЦАО,Якиманка,Полянка
61,3,4,5,150.8,219580001,9,ЦАО,Пресненский,Тверская
62,2,15,34,39.6,17625960,8,ЮАО,Нагорный,Нагорная
63,3,6,12,107.0,160500000,9,ЦАО,Хамовники,Спортивная
64,2,4,10,60.1,29485060,13,СЗАО,Покровское,Спартак
65,3,5,8,106.7,150000000,11,ЦАО,Якиманка,Новокузнецкая
66,2,10,14,67.2,37100000,6,ЗАО,Раменки,
67,3,12,35,71.0,41000000,13,ЦАО,Пресненский,Шелепиха
68,2,10,23,73.0,31536000,13,ЦАО,Басманный,Бауманская
69,3,4,6,143.7,167000000,4,ЦАО,Пресненский,Пушкинская
70,,,,,29700000,5,ЦАО,Замоскворечье,Павелецкая
71,3,25,30,134.0,66000000,4,ЗАО,Проспект Вернадского,Проспект Вернадского
72,2,2,57,58.48,32674530,5,ЗАО,Филевский парк,Фили
73,3,4,6,145.0,167000000,4,ЦАО,Пресненский,Пушкинская
74,2,2,21,59.52,27570000,11,СВАО,Марфино,Телецентр
75,3,7,9,135.0,156000000,9,ЦАО,Замоскворечье,Павелецкая
76,2,9,11,55.8,52579503,16,ЮАО,Даниловский,Павелецкая
77,3,10,13,150.7,170000000,9,ЦАО,Хамовники,Спортивная
78,2,3,22,52.9,24740430,13,СВАО,Марьина роща,Савёловская
79,1,10,14,65.2,35000000,6,ЦАО,Мещанский,Проспект Мира
80,2,4,16,57.31,25159630,7,ВАО,Преображенское,Преображенская площадь
81,3,10,18,105.6,89900000,15,ЗАО,Дорогомилово,Москва
82,2,4,20,73.02,60173080,4,ЦАО,Пресненский,Краснопресненская
83,2,34,78,76.1,62000000,3,ЦАО,Пресненский,Москва
84,3,22,34,83.6,124597929,14,ЗАО,Дорогомилово,Кутузовская
85,2,3,5,69.3,52000000,13,САО,Хорошевский,Аэропорт
86,2,4,15,76.6,34954787,4,СВАО,Останкинский,Алексеевская
87,3,4,6,179.0,246547171,6,ЦАО,Хамовники,Кропоткинская
88,2,4,6,74.91,120530190,10,ЦАО,Замоскворечье,Новокузнецкая
89,3,3,18,126.3,75000000,12,ЦАО,Пресненский,Белорусская
90,2,28,32,78.1,33753258,13,ЮЗАО,Черемушки,Зюзино
91,3,3,14,155.0,233000000,6,ЦАО,Хамовники,Фрунзенская
92,1,4,13,68.62,86856437,8,ЦАО,Мещанский,Цветной бульвар
93,2,10,29,50.7,22800000,6,ЮАО,Нагатино,Нагатинская
94,2,5,11,75.79,50021400,8,ЗАО,Филевский парк,Фили
95,3,17,41,88.3,58500000,13,САО,Хорошевский,Аэропорт
96,1,18,41,37.7,24335267,17,ЮАО,Даниловский,Павелецкая
97,2,8,11,142.0,229559749,12,ЦАО,Хамовники,Фрунзенская
98,2,7,13,63.7,35120619,8,ЮАО,Даниловский,Тульская
99,2,5,21,117.0,120000000,7,ЦАО,Пресненский,Улица 1905 года
100,1,40,54,29.14,17858691,6,САО,Савеловский,Дмитровская
101,3,4,12,135.0,135000000,3,ЦАО,Замоскворечье,Новокузнецкая
102,2,6,18,48.4,33232233,7,ЮАО,Донской,Ленинский проспект
103,3,4,12,135.0,135000000,3,ЦАО,Замоскворечье,Новокузнецкая
104,1,5,21,65.9,78259545,9,ЦАО,Пресненский,Улица 1905 года
105,3,5,20,116.7,120000000,7,ЦАО,Пресненский,Улица 1905 года
106,2,10,21,66.8,34261720,12,СЗАО,Щукино,Щукинская
107,2,5,17,51.1,14980000,14,СВАО,Останкинский,Ботанический сад
108,1,2,5,54.7,126110000,3,ЦАО,Тверской,Площадь Революции
109,2,11,24,46.5,21900000,5,САО,Головинский,Водный стадион
110,2,2,17,43.3,26876310,3,ЗАО,Раменки,Раменки
111,2,2,3,46.3,56000000,3,ЦАО,Басманный,Китай
112,1,14,27,28.1,19203540,20,ЮАО,Даниловский,Серпуховская
113,3,9,36,70.6,52000000,11,САО,Хорошевский,ЦСКА
114,1,8,8,111.7,88184211,9,ЦАО,Арбат,Смоленская
115,2,5,14,100.1,125000000,6,ЦАО,Хамовники,Спортивная
116,1,5,18,49.8,49737000,15,ЦАО,Хамовники,Воробьёвы горы
117,3,40,51,78.0,37990000,10,ЗАО,Раменки,Раменки
118,3,3,6,203.7,477220000,5,ЦАО,Хамовники,Кропоткинская
119,3,7,9,158.6,284654089,2,ЦАО,Тверской,Маяковская
120,2,5,34,59.1,23699100,16,САО,Левобережный,Беломорская
121,3,13,16,101.54,115000000,10,ЦАО,Хамовники,Спортивная
122,,,,,94392000,10,ЦАО,Якиманка,Новокузнецкая
123,3,4,7,131.4,108840710,6,ЦАО,Пресненский,Арбатская
124,1,2,20,42.3,21645206,3,ЗАО,Филевский парк,Народное Ополчение
125,3,11,11,150.0,200000000,7,ЦАО,Хамовники,Спортивная
126,3,2,14,142.1,277800000,2,ЦАО,Якиманка,Полянка
127,2,9,14,99.71,118450000,6,ЦАО,Хамовники,Спортивная
128,1,3,10,45.5,23132200,24,ЗАО,,Павшино
129,2,14,21,60.0,64276729,9,ЦАО,Пресненский,Улица 1905 года
130,2,2,8,48.83,24219680,17,ЮЗАО,Котловка,Профсоюзная
131,3,4,6,170.0,168900000,10,ЦАО,Хамовники,Спортивная
132,1,2,14,30.45,29201550,8,ЗАО,Дорогомилово,Киевская
133,2,8,14,100.0,113300000,6,ЦАО,Хамовники,Спортивная
134,1,4,12,45.87,22499235,24,ЗАО,,Павшино
135,3,2,24,90.0,33600000,12,СЗАО,Хорошево,Народное Ополчение
136,1,3,13,56.33,24914759,11,ЗАО,,Опалиха
137,2,13,45,51.0,32300000,6,ЗАО,Дорогомилово,Фили
138,1,3,14,51.4,50980000,11,ЦАО,Пресненский,Белорусская
139,2,30,37,69.5,40000000,12,СЗАО,Хорошево,Шелепиха
140,2,8,75,64.0,30515264,9,ЮАО,Донской,Площадь Гагарина
141,3,70,78,133.2,101500000,3,ЦАО,Пресненский,Москва
142,2,3,13,122.7,98763758,8,ЦАО,Арбат,Смоленская
143,2,12,79,61.0,57000000,3,ЦАО,Пресненский,Москва
144,,,,41.3,17065160,20,СЗАО,Хорошево,Полежаевская
145,3,2,8,152.2,150000000,6,ЦАО,Хамовники,Спортивная
146,1,18,25,40.2,23432905,6,ЮАО,Нагатино,Нагатинская
147,3,8,15,119.5,155350000,7,ЦАО,Хамовники,Спортивная
148,2,2,23,44.1,20195396,19,ЗАО,Очаково,Озёрная
149,3,11,21,104.55,101000000,7,ЦАО,Пресненский,Улица 1905 года
150,2,11,18,45.8,56907301,19,ЗАО,Дорогомилово,Москва
151,2,9,14,99.71,101999000,6,ЦАО,Хамовники,Спортивная
152,2,15,27,48.3,19513200,4,СЗАО,Щукино,Щукинская
153,2,5,6,43.0,27999000,6,САО,Беговой,Белорусская
154,2,21,33,47.49,43258641,11,ЦАО,Пресненский,Белорусская
155,2,11,13,83.0,100000000,9,ЦАО,Хамовники,Спортивная
156,2,2,44,63.74,30122632,6,СВАО,Марьина роща,Марьина Роща
157,2,15,35,61.8,25500000,13,ЮЗАО,Обручевский,Калужская
158,2,3,23,61.8,29802200,11,СВАО,Ростокино,Ботанический сад
159,3,3,7,154.2,293836479,7,ЦАО,Хамовники,Парк Культуры
160,,,,41.3,17065160,20,СЗАО,Хорошево,Полежаевская
161,3,3,7,154.2,293836479,7,ЦАО,Хамовники,Парк Культуры
162,1,2,54,36.06,20713585,14,СЗАО,Хорошево,Полежаевская
163,3,11,21,104.55,115000000,7,ЦАО,Пресненский,Улица 1905 года
164,3,9,13,94.54,155910052,8,ЦАО,Мещанский,Цветной бульвар
165,2,8,14,100.0,111999000,6,ЦАО,Хамовники,Спортивная
166,3,9,9,101.0,180790000,1,ЦАО,Тверской,Маяковская
167,3,8,19,73.4,46000000,16,СЗАО,Хорошево,Шелепиха
168,3,9,27,79.4,39050875,18,ЮАО,Даниловский,Серпуховская
169,3,21,36,86.5,49500000,12,СЗАО,Хорошево,Шелепиха
170,3,8,49,89.97,35589820,6,САО,Савеловский,Дмитровская
171,3,23,29,79.3,29999999,14,ЗАО,Очаково,Аминьевская
172,1,5,23,58.2,25537891,5,ЮАО,Нагатинский затон,Технопарк
173,3,6,14,81.0,46000000,5,ЗАО,Раменки,Минская
174,2,7,39,36.0,27461232,10,ЮАО,Даниловский,Павелецкая
175,3,4,6,219.4,302192454,6,ЦАО,Хамовники,Кропоткинская
176,,,,,216819225,9,ЦАО,Пресненский,Улица 1905 года
177,3,8,15,119.5,149300000,8,ЦАО,Хамовники,Спортивная
178,2,5,25,58.8,29641732,6,ЮАО,Нагатино,Нагатинская
179,3,9,14,67.0,38000000,5,ЗАО,Раменки,Минская
180,2,4,6,102.7,107526900,6,ЦАО,Арбат,Арбатская
181,3,9,10,60.0,27400000,6,ЗАО,Филевский парк,Багратионовская
182,2,2,19,62.8,24674120,10,САО,Савеловский,Гражданская
183,2,3,25,43.2,18500000,14,ЗАО,Филевский парк,Фили
184,3,3,5,112.4,258140000,3,ЦАО,Тверской,Площадь Революции
185,2,21,26,87.0,37000000,13,САО,Хорошевский,ЦСКА
186,2,2,25,54.5,17494500,14,ВАО,Соколиная гора,Соколиная гора
187,3,46,78,87.4,93000000,3,ЦАО,Пресненский,Москва
188,1,3,6,78.7,160420000,5,ЦАО,Басманный,Чистые пруды
189,2,1,7,62.0,82400000,7,ЦАО,Якиманка,Полянка
190,3,2,32,64.7,29949630,20,ЮАО,Даниловский,Серпуховская
191,3,39,65,223.3,229559749,2,ЦАО,Пресненский,Деловой центр
192,3,7,8,128.6,128600000,9,ЦАО,Арбат,Смоленская
193,2,5,10,106.2,70000000,9,ЦАО,Хамовники,Парк Культуры
194,3,14,25,96.2,41606500,6,САО,Хорошевский,Беговая
195,1,23,23,54.0,29000000,18,СЗАО,Хорошево,Терехово
196,2,11,25,58.81,23814982,15,ЮАО,Москворечье,Варшавская
197,3,11,14,242.97,329870000,10,ЦАО,Хамовники,Спортивная
198,3,2,18,118.1,118729000,15,ЦАО,Хамовники,Воробьёвы горы
199,3,11,14,242.97,350000000,10,ЦАО,Хамовники,Спортивная
200,,,,,241110000,10,ЦАО,Якиманка,Новокузнецкая
201,3,46,46,85.0,56000000,17,ЮАО,Даниловский,Павелецкая
202,3,3,20,103.9,36962923,3,ЗАО,Филевский парк,Народное Ополчение
203,2,24,24,57.4,39300000,11,СЗАО,Хорошево,Шелепиха
204,3,4,10,73.5,35676900,24,ЗАО,,Павшино
205,3,2,14,71.2,46500000,5,ЗАО,Раменки,Минская
206,2,2,10,59.8,66618396,12,ЗАО,Дорогомилово,Парк Победы
207,3,7,16,121.0,103000000,10,ЦАО,Хамовники,Смоленская
208,1,3,13,54.02,29997306,24,ЗАО,,Павшино
209,3,3,9,110.5,97500000,8,ЦАО,Тверской,Новослободская
210,3,14,42,65.9,34268000,20,ЮЗАО,Котловка,Нагорная
211,3,9,22,104.0,62990000,8,СЗАО,Хорошево,Терехово
212,3,2,14,79.88,61427720,8,ЗАО,Дорогомилово,Киевская
213,2,4,21,65.1,68500000,9,ЦАО,Пресненский,Улица 1905 года
214,3,3,7,127.0,109213650,11,ЦАО,Якиманка,Новокузнецкая
215,2,9,9,131.6,57000000,7,ЦАО,Басманный,Бауманская
216,3,2,12,101.91,45686253,24,ЗАО,,Павшино
217,2,2,7,82.6,40000000,11,САО,Беговой,Белорусская
218,3,3,13,89.86,38118612,11,ЗАО,,Опалиха
219,3,3,10,173.6,165000000,4,ЦАО,Тверской,Белорусская
220,1,3,36,40.8,28058677,5,САО,Беговой,Белорусская
221,2,7,19,83.0,72900000,13,ЦАО,Пресненский,Белорусская
222,3,2,11,100.7,93360000,10,ЦАО,Пресненский,Белорусская
223,3,5,21,137.0,140000000,7,ЦАО,Пресненский,Улица 1905 года
224,3,4,5,133.6,146300000,6,ЦАО,Арбат,Смоленская
225,3,8,53,150.0,135000000,4,ЗАО,Раменки,Ломоносовский проспект
226,2,3,49,58.78,22630300,17,СВАО,Марьина роща,Марьина Роща
227,3,8,8,81.0,50000000,3,ЦАО,Арбат,Смоленская
228,3,2,41,97.2,40338000,6,ЗАО,Филевский парк,Фили
229,2,38,51,63.0,36000000,13,ЦАО,Пресненский,Шелепиха
230,3,2,21,99.7,73810000,12,ЦАО,Пресненский,Улица 1905 года
231,3,7,7,145.2,230000000,7,ЦАО,Якиманка,Полянка
232,3,3,28,82.97,39746265,4,ЮАО,Нагатино,Нагатинская
233,2,4,17,44.5,40000000,12,ЦАО,Пресненский,Улица 1905 года
234,2,2,15,38.0,13611600,9,САО,Головинский,Коптево
235,3,2,7,90.0,80000000,9,ЦАО,Пресненский,Пушкинская
236,2,10,29,60.1,27189240,4,САО,Аэропорт,Красный Балтиец
237,2,2,5,64.0,166400000,3,ЦАО,Хамовники,Кропоткинская
238,2,2,39,60.57,21980883,4,САО,Западное Дегунино,Селигерская
239,3,3,15,99.9,159990000,8,ЦАО,Хамовники,Спортивная
240,2,6,13,60.31,33790000,15,ЮВАО,Южнопортовый,Дубровка
241,2,7,11,46.3,23990000,8,СЗАО,Хорошево,Терехово
242,1,2,19,42.7,22191190,13,СЗАО,Покровское,Спартак
243,3,10,13,150.7,169490000,9,ЦАО,Хамовники,Спортивная
244,1,8,14,44.6,25870000,2,ЗАО,Раменки,Ломоносовский проспект
245,2,3,5,70.0,89999999,6,ЦАО,Арбат,Арбатская
246,2,13,30,38.2,12387916,10,ЮВАО,Рязанский,Окская
247,2,2,21,46.0,23500000,10,САО,Хорошевский,Зорге
248,1,8,23,47.4,20761200,13,ЦАО,Басманный,Бауманская
249,3,5,5,193.0,170000000,9,ЦАО,Замоскворечье,Новокузнецкая
250,2,24,28,47.5,23180000,8,СЗАО,Хорошево,
251,2,2,21,57.23,63000000,7,ЦАО,Пресненский,Улица 1905 года
252,1,2,57,42.52,24463584,5,ЗАО,Филевский парк,Фили
253,2,7,15,120.0,140000000,8,ЦАО,Хамовники,Спортивная
254,1,2,21,37.76,20490000,11,СВАО,Марфино,Телецентр
255,3,2,19,99.0,57000000,16,СЗАО,Хорошево,Шелепиха
256,3,34,54,84.01,42564927,14,СЗАО,Хорошево,Полежаевская
257,2,4,21,55.7,49100000,15,ЦАО,Пресненский,Улица 1905 года
258,2,2,11,31.0,,12,СЗАО,Хорошево,Шелепиха
259,3,9,20,96.0,115000000,7,ЦАО,Пресненский,Улица 1905 года
260,1,6,22,30.7,16065003,13,СВАО,Марьина роща,Савёловская
261,2,13,44,73.2,33400000,4,СЗАО,Хорошево,Шелепиха
262,1,2,16,40.9,17295455,7,ВАО,Преображенское,Преображенская площадь
263,2,2,24,68.0,38300000,14,СЗАО,Хорошево,Шелепиха
264,2,2,48,52.6,18382016,4,СЗАО,Покровское,Тушинская
265,3,4,8,70.0,62899371,9,ЦАО,Хамовники,Смоленская
266,3,40,85,166.0,128740413,1,ЦАО,Пресненский,Москва
267,1,37,37,48.0,40000000,12,САО,Хорошевский,Аэропорт
268,3,2,23,97.0,41021245,5,ЮАО,Нагатинский затон,Технопарк
269,1,4,26,46.0,32000000,4,ЗАО,Очаково,Давыдково
270,2,3,6,44.0,23232000,16,СЗАО,Хорошево,Народное Ополчение
271,3,5,6,106.4,94000000,7,ЦАО,Хамовники,Парк Культуры
272,2,21,22,70.5,25013039,4,ЮВАО,Печатники,
273,3,50,75,212.0,105000000,2,ЦАО,Пресненский,Деловой центр
274,1,4,15,32.6,18288906,4,СВАО,Останкинский,Алексеевская
275,3,2,22,81.2,21750000,11,СЗАО,Митино,Волоколамская
276,2,2,64,34.9,13797977,5,СЗАО,Хорошево,Хорошёвская
277,3,9,21,108.0,125000000,7,ЦАО,Пресненский,Улица 1905 года
278,2,13,24,45.6,,20,СЗАО,Покровское,Тушинская
279,1,13,44,60.9,25500000,4,СЗАО,Хорошево,Шелепиха
280,1,4,6,51.2,55500800,10,ЦАО,Замоскворечье,Новокузнецкая
281,2,10,16,38.8,14400000,10,НАО (Новомосковский),,Прокшино
282,3,3,6,136.8,250800000,5,ЦАО,Басманный,Чистые пруды
283,2,3,13,69.23,52000000,5,ЗАО,Раменки,Минская
284,1,12,13,39.8,25145601,8,ЮАО,Даниловский,Тульская
285,3,9,21,116.8,125700000,7,ЦАО,Пресненский,Улица 1905 года
286,2,4,15,45.8,26993838,9,ЗАО,Раменки,Раменки
287,3,3,6,118.9,240000000,10,ЦАО,Хамовники,Парк Культуры
288,2,3,17,49.5,11598840,8,НАО (Новомосковский),,Корниловская
289,3,2,4,137.9,296485000,7,ЦАО,Хамовники,Парк Культуры
290,3,7,21,72.0,21960000,12,ЗАО,Очаково,Давыдково
291,3,3,7,74.0,27000000,5,СВАО,Марьина роща,Марьина Роща
292,3,3,13,86.94,45417456,24,ЗАО,,Павшино
293,2,1,11,74.13,100000000,8,ЗАО,Дорогомилово,Парк Победы
294,2,13,14,63.8,15471500,16,НАО (Новомосковский),,Кедровая
295,2,11,41,67.1,33000000,16,СЗАО,Хорошево,Шелепиха
296,,,,,25544778,11,СЗАО,Щукино,Щукинская
297,3,3,19,89.0,42000000,8,ЦАО,Красносельский,Площадь трёх вокзалов
298,3,19,36,99.0,64447342,5,САО,Беговой,Белорусская
299,2,25,73,105.0,70000000,2,ЦАО,Пресненский,Деловой центр
300,2,3,13,36.6,,14,ЮВАО,Печатники,Кожуховская
301,3,7,17,75.7,41000000,7,САО,Беговой,Динамо
302,2,4,17,87.6,50808000,14,ЮЗАО,Гагаринский,Ленинский проспект
303,3,53,73,239.0,185000000,2,ЦАО,Пресненский,Деловой центр
304,2,11,29,55.8,20119633,17,ЮВАО,Южнопортовый,Дубровка
305,3,11,11,150.0,200000000,7,ЦАО,Хамовники,Спортивная
306,1,8,57,44.4,18616920,16,САО,Левобережный,Беломорская
307,1,4,7,40.0,9850000,11,НАО (Новомосковский),,Санино
308,2,8,17,71.8,43991860,12,ЗАО,Филевский парк,Филёвский парк
309,3,25,34,135.0,85000000,4,ЗАО,Раменки,Ломоносовский проспект
310,2,3,19,59.6,29621200,20,СЗАО,Щукино,Октябрьское поле
311,3,15,44,117.0,101000000,13,ЗАО,Раменки,Минская
312,2,3,20,64.1,24619528,17,ЮАО,Даниловский,Тульская
313,2,13,21,90.0,56700000,9,ЗАО,Раменки,Раменки
314,1,3,35,39.08,20505276,17,ЮЗАО,Котловка,Профсоюзная
315,3,2,7,151.3,300000000,11,ЦАО,Хамовники,Киевская
316,2,11,13,47.0,14817000,17,НАО (Новомосковский),,Ольховая
317,1,18,48,42.4,19450000,9,СЗАО,Хорошево,Народное Ополчение
318,,,,,14194420,11,ЮЗАО,Черемушки,Новые Черёмушки
319,3,3,5,164.0,202012579,11,ЦАО,Хамовники,Парк Культуры
320,3,3,34,54.4,20617600,8,ЮАО,Нагорный,Нагорная
321,2,14,24,46.0,31000000,18,ЗАО,Очаково,Матвеевская
322,3,2,13,79.3,38833210,13,СЗАО,Покровское,Спартак
323,3,3,19,88.4,42000000,8,ЦАО,Красносельский,Площадь трёх вокзалов
324,3,7,14,91.8,49030000,2,ЗАО,Раменки,Ломоносовский проспект
325,2,35,78,83.0,63000000,4,ЦАО,Пресненский,Деловой центр
326,1,24,75,41.62,21941564,9,ЮАО,Донской,Площадь Гагарина
327,3,24,56,71.0,33500000,5,ЗАО,Раменки,Минская
328,1,12,13,48.6,32610600,8,ЦАО,Арбат,Смоленская
329,2,3,12,65.6,82000000,4,ЗАО,Раменки,Ломоносовский проспект
330,3,18,23,78.9,34716000,13,ЦАО,Басманный,Бауманская
331,3,20,43,84.2,38500000,17,СЗАО,Хорошево,Шелепиха
332,,,,,37729120,5,ЦАО,Замоскворечье,Павелецкая
333,1,4,46,39.7,19000000,18,ЮЗАО,Обручевский,Калужская
334,2,50,51,45.97,27306180,7,ЦАО,Пресненский,Шелепиха
335,3,67,79,146.0,160000000,3,ЦАО,Пресненский,Москва
336,3,5,57,82.36,49355795,5,ЗАО,Филевский парк,Фили
337,2,3,24,70.0,46500000,11,СЗАО,Хорошево,Шелепиха
338,3,2,21,79.64,40940000,11,СВАО,Марфино,Телецентр
339,3,2,5,207.4,459119499,1,ЦАО,Тверской,Лубянка
340,3,3,11,89.1,86400002,16,ЮАО,Даниловский,Павелецкая
341,3,22,47,130.0,100000000,4,ЗАО,Раменки,Ломоносовский проспект
342,1,2,24,43.5,17768630,19,ЗАО,Очаково,Озёрная
343,3,29,53,191.5,229559749,4,ЗАО,Раменки,Ломоносовский проспект
344,3,19,22,67.3,33763804,13,СВАО,Марьина роща,Савёловская
345,3,9,12,101.1,75000000,17,ЗАО,Раменки,Минская
346,1,11,18,52.4,55200190,19,ЗАО,Дорогомилово,Москва
347,3,59,79,113.0,83000000,4,ЦАО,Пресненский,Деловой центр
348,3,2,16,74.41,30845885,7,ВАО,Преображенское,Преображенская площадь
349,1,44,65,52.0,44000000,2,ЦАО,Пресненский,Москва
350,1,16,27,38.2,16120400,4,СЗАО,Щукино,Щукинская
351,2,3,9,65.6,82000000,4,ЗАО,Раменки,Ломоносовский проспект
352,1,24,26,42.45,36260790,10,ЦАО,Пресненский,Белорусская
353,3,2,9,118.0,215000000,10,ЦАО,Хамовники,Спортивная
354,1,3,55,42.12,21551919,7,СВАО,Марьина роща,Марьина Роща
355,2,4,37,74.7,46500000,13,САО,Хорошевский,Аэропорт
356,3,8,20,88.5,72929576,4,ЦАО,Пресненский,Краснопресненская
357,1,6,12,59.2,68000000,4,ЗАО,Раменки,Ломоносовский проспект
358,1,3,23,30.6,17427800,11,СВАО,Ростокино,Ботанический сад
359,3,4,7,117.9,80000000,5,ЦАО,Мещанский,Проспект Мира
360,2,2,48,56.51,18412265,9,СЗАО,Покровское,Трикотажная
361,3,10,14,70.2,50000000,5,ЗАО,Раменки,Минская
362,,,,43.5,17182500,20,СЗАО,Хорошево,Полежаевская
363,2,6,8,59.0,68000000,5,ЗАО,Раменки,Фрунзенская
364,2,27,31,40.1,,13,САО,Западное Дегунино,Селигерская
365,2,3,15,58.54,61000000,7,ЦАО,Пресненский,Улица 1905 года
366,3,11,15,128.8,62607425,4,СВАО,Останкинский,Алексеевская
367,2,2,17,54.0,13800000,11,ЮВАО,Некрасовка,Некрасовка
368,3,2,6,119.45,147998550,10,ЦАО,Замоскворечье,Новокузнецкая
369,2,9,9,50.0,30000000,7,ЦАО,Хамовники,Спортивная
370,3,3,32,121.5,48004650,13,ЮЗАО,Черемушки,Зюзино
371,3,11,58,81.0,48500000,10,СЗАО,Хорошево,Народное Ополчение
372,2,2,37,37.4,,18,ЮВАО,Нижегородский,Нижегородская
373,3,2,5,88.0,67490000,1,ЦАО,Замоскворечье,Третьяковская
374,3,9,13,102.8,55209558,8,ЮАО,Даниловский,Тульская
375,3,14,20,94.0,53000000,13,САО,Беговой,Белорусская
376,2,16,21,58.28,25273435,2,САО,Хорошевский,Полежаевская
377,3,3,28,68.0,66500000,4,ЦАО,Красносельский,Площадь трёх вокзалов
378,2,2,35,41.8,17325180,7,САО,Левобережный,Речной вокзал
379,3,2,7,151.0,300000000,11,ЦАО,Хамовники,Киевская
380,1,6,26,24.5,19028856,10,ЮАО,Даниловский,Павелецкая
381,3,7,79,90.6,85000000,3,ЦАО,Пресненский,Москва
382,3,5,18,84.7,61928803,7,ЮАО,Донской,Ленинский проспект
383,2,18,79,71.8,53000000,3,ЦАО,Пресненский,Москва
384,1,10,25,39.84,22702148,6,ЮАО,Нагатино,Нагатинская
385,2,3,21,56.6,58298000,7,ЦАО,Пресненский,Улица 1905 года
386,3,2,21,101.2,45435764,12,СЗАО,Щукино,Щукинская
387,1,4,12,35.2,11950000,11,ЮАО,Царицыно,Кантемировская
388,1,8,25,23.9,13133050,10,САО,Савеловский,Гражданская
389,3,8,26,98.2,51950000,10,САО,Аэропорт,Динамо
390,3,2,17,72.6,42064440,3,ЗАО,Раменки,Раменки
391,2,7,22,75.0,40000000,15,ЗАО,Раменки,Ломоносовский проспект
392,1,2,26,24.0,9480000,14,ВАО,Соколиная гора,Соколиная гора
393,3,51,68,101.0,109990000,2,ЦАО,Пресненский,Москва
394,1,2,9,37.89,15711300,15,ЮАО,Москворечье,Варшавская
395,3,3,15,104.0,65200000,8,САО,Аэропорт,Петровский Парк
396,3,4,34,92.5,35242500,16,САО,Левобережный,Беломорская
397,3,36,44,68.6,36900000,13,ЦАО,Пресненский,Улица 1905 года
398,2,2,16,55.54,21287149,15,ЮАО,Даниловский,Тульская
399,2,11,12,46.9,13200000,5,ЮАО,Зябликово,Шипиловская
400,3,4,12,102.4,70050000,12,САО,Сокол,Панфиловская
401,3,53,79,112.9,135000000,3,ЦАО,Пресненский,Москва
402,2,18,26,45.3,21064500,18,СВАО,Останкинский,ВДНХ
403,1,51,75,123.0,99000000,3,ЦАО,Пресненский,Деловой центр
404,3,5,35,95.73,47003430,17,ЮЗАО,Котловка,Профсоюзная
405,3,10,53,94.3,67000000,4,ЗАО,Раменки,Ломоносовский проспект
406,2,2,17,50.8,12303806,12,НАО (Новомосковский),,Мичуринец
407,2,9,41,64.2,41500000,16,СЗАО,Хорошево,Шелепиха
408,2,17,22,58.9,29460366,10,СВАО,Останкинский,ВДНХ
409,3,15,19,107.0,99000000,5,ЗАО,Раменки,Университет
410,3,12,75,96.05,46236452,9,ЮАО,Донской,Площадь Гагарина
411,3,19,37,81.4,54500000,4,САО,Беговой,Белорусская
412,2,2,41,48.5,33762426,13,САО,Хорошевский,Петровский Парк
413,3,16,27,65.1,38950000,12,САО,Хорошевский,Зорге
414,1,37,49,36.91,17495340,17,СВАО,Марьина роща,Марьина Роща
415,2,6,9,60.0,19200000,16,НАО (Новомосковский),,Ольховая
416,1,2,15,28.3,10541750,9,САО,Головинский,Коптево
417,3,5,23,128.0,73500000,18,ЗАО,Очаково,Матвеевская
418,2,2,9,64.1,12915830,17,НАО (Новомосковский),,Аэропорт Внуково
419,2,4,8,60.1,25500000,6,САО,Савеловский,Петровский Парк
420,3,12,13,72.0,19136000,17,НАО (Новомосковский),,Ольховая
421,2,2,20,57.7,19444900,6,САО,Головинский,Коптево
422,,,,,22774400,11,ЮЗАО,Черемушки,Новые Черёмушки
423,2,4,49,60.29,23151360,17,СВАО,Марьина роща,Марьина Роща
424,2,15,25,62.06,23852901,15,ЮАО,Москворечье,Варшавская
425,2,7,27,67.9,28600000,12,ЮВАО,Лефортово,Серп и Молот
426,3,24,29,78.1,28604858,17,ЮВАО,Южнопортовый,Волгоградский проспект
427,3,2,15,79.71,29030323,12,СЗАО,Покровское,Трикотажная
428,2,20,20,60.8,31853120,4,САО,Аэропорт,Красный Балтиец
429,3,2,20,88.8,34838016,17,ЮАО,Даниловский,Тульская
430,3,8,29,80.0,37400000,10,ЗАО,Раменки,Ломоносовский проспект
431,2,8,9,55.7,40000000,5,ЦАО,Тверской,Белорусская
432,3,7,11,115.2,54990000,7,ЦАО,Мещанский,Цветной бульвар
433,3,6,12,120.9,71500000,5,ЦАО,Мещанский,Проспект Мира
434,2,9,13,67.3,84669457,10,ЗАО,Дорогомилово,Парк Победы
435,3,3,21,92.2,95000000,7,ЦАО,Пресненский,Улица 1905 года
436,3,4,24,136.0,98000000,6,ЗАО,Раменки,Университет
437,2,9,15,97.25,125740000,8,ЦАО,Хамовники,Спортивная
438,3,7,11,114.99,160000000,6,ЦАО,Хамовники,Спортивная
439,3,11,14,242.97,350000000,10,ЦАО,Хамовники,Спортивная
440,2,8,12,46.8,13500000,11,ЮЗАО,Котловка,Нагорная
441,2,8,12,50.7,23570430,15,ЮВАО,Рязанский,Окская
442,1,45,52,43.1,25450000,9,СЗАО,Хорошево,Народное Ополчение
443,2,30,41,49.0,25700000,18,ЗАО,Раменки,Кутузовская
444,3,1,4,83.3,27600000,4,СВАО,Северный,Физтех
445,1,2,14,30.45,29201550,8,ЗАО,Дорогомилово,Киевская
446,3,28,30,63.4,,11,САО,Западное Дегунино,Селигерская
447,3,47,51,67.31,31926479,7,ЦАО,Пресненский,Шелепиха
448,2,43,43,74.6,32182160,10,САО,Западное Дегунино,Селигерская
449,2,28,58,52.0,33200000,9,СЗАО,Хорошево,Народное Ополчение
450,3,3,15,95.0,35000000,12,ЦАО,Пресненский,Баррикадная
451,2,3,13,82.5,36100000,18,СЗАО,Хорошево,Мнёвники
452,2,6,8,66.45,37400000,15,ЮВАО,Южнопортовый,Дубровка
453,2,8,21,51.0,45000000,1,ЦАО,Пресненский,Деловой центр
454,3,7,11,115.2,54990000,7,ЦАО,Мещанский,Цветной бульвар
455,3,21,25,113.5,60000000,5,ЗАО,Раменки,Аминьевская
456,2,54,67,82.0,75000000,3,ЦАО,Пресненский,Москва
457,3,25,37,114.0,80000000,12,САО,Хорошевский,Аэропорт
458,2,2,5,75.1,84500000,9,ЦАО,Замоскворечье,Третьяковская
459,2,15,77,98.0,90000000,3,ЦАО,Пресненский,Москва
460,3,2,6,93.8,90000000,6,ЦАО,Арбат,Арбатская
461,3,3,21,92.12,95000000,7,ЦАО,Пресненский,Улица 1905 года
462,3,30,73,185.0,95000000,2,ЦАО,Пресненский,Деловой центр
463,3,15,21,83.7,120000000,13,ЦАО,Пресненский,Деловой центр
464,3,47,75,170.0,125000000,3,ЦАО,Пресненский,Деловой центр
465,3,5,6,160.0,197000000,9,ЦАО,Замоскворечье,Новокузнецкая
466,3,6,8,142.8,214000000,11,ЦАО,Якиманка,Новокузнецкая
467,3,3,6,159.0,290000000,5,ЦАО,Хамовники,Парк Культуры
468,2,6,14,43.0,13700000,5,ЮВАО,Люблино,Люблино
469,1,4,12,45.87,22499235,24,ЗАО,,Павшино
470,3,21,45,64.8,,18,ЮВАО,Нижегородский,Нижегородская
471,3,3,21,65.92,26908020,2,САО,Хорошевский,Полежаевская
472,2,14,28,67.1,29322700,8,СЗАО,Хорошево,
473,2,26,85,92.0,50000000,3,ЦАО,Пресненский,Деловой центр
474,3,14,20,94.0,53000000,13,САО,Беговой,Белорусская
475,2,3,7,91.2,90000000,9,ЦАО,Басманный,Курская
476,3,2,7,94.0,153000000,6,ЦАО,Пресненский,Арбатская
477,3,7,9,160.8,293836479,2,ЦАО,Тверской,Маяковская
478,1,4,12,38.7,12550000,14,ЮАО,Нагатино,Каширская
479,2,4,9,37.1,13490000,11,ЮВАО,Кузьминки,Кузьминки
480,2,5,5,44.9,19990000,8,ЦАО,Басманный,Чкаловская
481,1,3,13,56.33,24914759,11,ЗАО,,Опалиха
482,3,30,30,94.0,33000000,19,ЗАО,Можайский,Давыдково
483,3,35,35,83.5,34986179,8,САО,Левобережный,Речной вокзал
484,2,13,32,66.98,,12,СЗАО,Хорошево,Шелепиха
485,3,2,9,86.0,95700000,11,ЦАО,Таганский,Китай
486,3,7,20,93.0,99000000,11,ЦАО,Пресненский,Деловой центр
487,3,2,8,94.1,153000000,6,ЦАО,Пресненский,Арбатская
488,3,2,8,94.1,153000000,6,ЦАО,Пресненский,Арбатская
489,2,2,15,97.26,170000000,8,ЦАО,Хамовники,Спортивная
490,3,2,6,126.0,215000000,5,ЦАО,Хамовники,Парк Культуры
491,1,3,32,35.0,19000000,8,СЗАО,Хорошево,Шелепиха
492,3,16,17,86.7,20746559,20,НАО (Новомосковский),,Мичуринец
493,1,5,54,36.57,21607859,14,СЗАО,Хорошево,Полежаевская
494,2,12,14,68.0,22731720,4,СЗАО,Покровское,Тушинская
495,2,21,22,70.5,25013039,4,ЮВАО,Печатники,
496,3,5,15,69.74,26904506,15,ЮАО,Даниловский,Тульская
497,3,12,34,78.7,41632300,10,СВАО,Останкинский,Алексеевская
498,3,44,44,86.3,42000000,4,СЗАО,Хорошево,Шелепиха
499,1,3,14,51.4,50980000,11,ЦАО,Пресненский,Белорусская
500,3,21,22,104.6,53036489,10,СВАО,Останкинский,ВДНХ
501,3,8,41,89.9,66173556,12,САО,Хорошевский,Аэропорт
502,3,3,5,112.7,85000000,8,ЦАО,Хамовники,Спортивная
503,3,2,7,87.0,95700000,13,ЦАО,Таганский,Китай
504,3,5,7,160.0,183000000,7,ЦАО,Якиманка,Полянка
505,3,2,6,118.7,214999900,5,ЦАО,Хамовники,Парк Культуры
506,3,4,6,170.0,250000000,9,ЦАО,Хамовники,Кропоткинская
507,3,2,5,123.0,307610064,1,ЦАО,Тверской,Лубянка
508,3,2,8,132.6,348930819,6,ЦАО,Пресненский,Пушкинская
509,2,2,64,34.9,13797977,5,СЗАО,Хорошево,Хорошёвская
510,3,3,9,69.1,15084530,17,НАО (Новомосковский),,Аэропорт Внуково
511,3,7,14,62.5,15469625,13,НАО (Новомосковский),,Коммунарка
512,3,18,30,61.2,15543607,15,ЮЗАО,Южное Бутово,Улица Горчакова
513,3,2,9,103.8,16325881,6,НАО (Новомосковский),,Бунинская аллея
514,2,13,24,45.6,,20,СЗАО,Покровское,Тушинская
515,2,10,12,64.5,20990000,6,ВАО,Соколиная гора,Семёновская
516,3,29,30,75.7,21220629,15,ЮЗАО,Южное Бутово,Бунинская аллея
517,2,3,6,52.7,24610900,16,СЗАО,Хорошево,Народное Ополчение
518,1,6,6,40.3,25238132,6,ЮАО,Нагатинский затон,Технопарк
519,3,2,5,98.4,25800000,1,ЮВАО,Южнопортовый,Кожуховская
520,3,23,28,67.75,27738644,12,ЮВАО,Нижегородский,Нижегородская
521,3,6,20,75.8,28000000,14,ЮАО,Нагатинский затон,Коломенская
522,2,24,28,44.7,29476161,10,ЗАО,Раменки,Раменки
523,3,16,52,78.1,33280327,19,ЗАО,Раменки,Раменки
524,3,14,17,55.7,,16,ЦАО,Басманный,Электрозаводская
525,1,12,14,54.5,35700000,11,ЦАО,Пресненский,Краснопресненская
526,3,23,26,63.4,,15,ЮАО,Нагатино,Нагатинская
527,3,20,41,77.5,42000000,18,ЗАО,Раменки,Кутузовская
528,3,10,34,120.0,45900000,5,САО,Аэропорт,Гражданская
529,3,12,59,167.0,59990000,10,СВАО,Ростокино,Ростокино
530,2,5,12,76.1,70000000,7,ЦАО,Пресненский,Пушкинская
531,3,5,6,161.1,197000000,9,ЦАО,Замоскворечье,Новокузнецкая
532,3,5,12,136.9,209000000,7,ЦАО,Хамовники,Спортивная
533,3,4,4,130.0,215000000,6,ЦАО,Басманный,Чистые пруды
534,3,2,5,123.0,307610064,1,ЦАО,Тверской,Лубянка
535,3,2,8,132.6,348930819,6,ЦАО,Пресненский,Пушкинская
536,,3,12,51.8,5500000,5,СЗАО,Северное Тушино,Планерная
537,2,4,5,44.3,5600000,21,ТАО (Троицкий),,Подольск
538,2,3,5,53.0,6700000,17,ТАО (Троицкий),,Подольск
539,1,16,17,37.8,8700000,9,НАО (Новомосковский),,Рассказовка
540,1,12,17,41.6,8900000,5,ВАО,Косино,Лухмановская
541,1,6,9,32.8,8900000,3,ЮВАО,Печатники,Печатники
542,1,15,17,34.6,9000000,17,ЮЗАО,Ясенево,Новоясеневская
543,1,8,12,34.9,9000000,3,САО,Дмитровский,Грачёвская
544,1,12,12,38.7,9200000,12,ЮАО,Орехово,Домодедовская
545,1,2,14,38.3,9300000,5,ЮЗАО,Южное Бутово,Бутово
546,2,2,9,37.0,9250000,19,ЗАО,Солнцево,Говорово
547,1,9,12,39.0,9380000,13,ЮВАО,Марьино,Курьяново
548,1,2,2,28.7,9500000,13,ЮВАО,Текстильщики,Текстильщики
549,1,1,5,17.9,9600000,12,ВАО,Соколиная гора,Сортировочная
550,1,2,2,31.4,9800000,13,ЮВАО,Текстильщики,Текстильщики
551,1,8,17,38.0,10000000,9,ЮЗАО,Северное Бутово,Бульвар Дмитрия Донского
552,1,6,13,26.8,10300000,4,ЦАО,Таганский,Пролетарская
553,1,13,16,37.5,10300000,5,СВАО,Бибирево,Бибирево
554,3,2,9,62.8,10439056,9,НАО (Новомосковский),,Толстопальцево
555,1,8,9,35.0,10490000,9,СЗАО,Северное Тушино,Планерная
556,1,3,9,38.7,10500000,8,ВАО,Перово,Перово
557,1,6,12,35.2,10500000,13,ВАО,Преображенское,Преображенская площадь
558,1,9,17,38.0,10500000,5,ЮЗАО,Южное Бутово,Улица Скобелевская
559,2,1,9,44.3,10700000,7,СЗАО,Северное Тушино,Планерная
560,2,10,12,44.0,10800000,3,САО,Дмитровский,Грачёвская
561,2,11,23,34.9,,14,ЮВАО,Печатники,Кожуховская
562,2,1,9,56.6,11200000,14,НАО (Новомосковский),,Филатов Луг
563,2,2,12,45.0,11450000,16,ЮАО,Царицыно,Царицыно
564,1,4,5,51.4,11800000,10,ЮВАО,Рязанский,Плющево
565,2,3,17,50.9,11824070,8,НАО (Новомосковский),,Корниловская
566,2,1,5,41.0,11990000,10,САО,Аэропорт,Гражданская
567,1,12,17,37.9,12000000,9,ЮАО,Братеево,Борисово
568,2,2,9,44.4,12000000,7,ВАО,Новогиреево,Новогиреево
569,2,1,5,41.0,12300000,10,САО,Аэропорт,Сокол
570,2,29,34,43.0,12630000,11,ЮЗАО,Южное Бутово,Улица Скобелевская
571,2,16,17,53.5,12700000,8,ЮАО,Бирюлево Западное,Пражская
572,3,7,17,76.0,13000000,24,ТАО (Троицкий),,Крёкшино
573,3,5,9,58.7,13000000,6,СВАО,Бибирево,Бибирево
574,2,10,12,40.0,13500000,12,ЗАО,Можайский,Рабочий посёлок
575,2,9,10,53.0,13850000,5,ВАО,Перово,Перово
576,1,11,24,43.5,14100000,16,ЮВАО,Нижегородский,Нижегородская
577,2,11,17,61.0,14500000,19,НАО (Новомосковский),,Коммунарка
578,1,21,22,38.5,14999000,4,СЗАО,Южное Тушино,Сходненская
579,2,20,22,38.4,14999000,4,СЗАО,Южное Тушино,Сходненская
580,2,6,9,40.0,14970000,9,СЗАО,Южное Тушино,Сходненская
581,2,9,16,39.4,15100000,2,ЮЗАО,Гагаринский,Ленинский проспект
582,1,18,21,42.0,15450000,11,ЗАО,Очаково,Озёрная
583,1,25,25,46.3,15500000,9,САО,Левобережный,Беломорская
584,3,4,9,59.0,15600000,5,ЮАО,Чертаново Центральное,Южная
585,2,4,8,43.0,15750000,3,САО,Хорошевский,Хорошёвская
586,2,6,9,40.0,15990000,4,САО,Тимирязевский,Тимирязевская
587,3,2,12,62.7,16300000,6,СВАО,Бутырский,Фонвизинская
588,2,2,17,57.8,16500000,6,СВАО,Отрадное,Отрадное
589,2,11,12,52.0,16400000,9,ЮАО,Нагатинский затон,Кленовый бульвар
590,3,14,14,78.0,16800000,4,ЮВАО,Некрасовка,Некрасовка
591,3,11,14,64.7,17000000,15,СВАО,Лосиноостровский,Бабушкинская
592,3,9,17,71.0,16900000,15,ВАО,Новокосино,Новокосино
593,2,17,22,52.1,17100000,20,НАО (Новомосковский),,Саларьево
594,2,8,8,68.9,17052750,14,НАО (Новомосковский),,Ольховая
595,2,5,9,45.4,17600000,19,ЮЗАО,Ломоносовский,Университет
596,2,15,16,55.0,17690000,6,ЮАО,Чертаново Центральное,Пражская
597,2,2,8,55.1,18000000,9,ЮЗАО,Академический,Ленинский проспект
598,3,9,12,58.3,18041983,7,НАО (Новомосковский),,Улица Скобелевская
599,3,5,6,47.0,18500000,8,ЦАО,Мещанский,Проспект Мира
600,1,12,16,40.6,18900000,9,ЗАО,Можайский,Давыдково
601,3,17,25,61.13,19264557,9,ВАО,Соколиная гора,Измайлово
602,2,9,9,56.3,19390000,2,ЗАО,Филевский парк,Фили
603,3,7,16,82.0,19599000,16,ЗАО,Можайский,Сетунь
604,3,12,16,64.3,19561444,19,НАО (Новомосковский),,Прокшино
605,2,9,10,58.9,20000000,6,ЦАО,Таганский,Волгоградский проспект
606,2,5,8,54.5,20000000,3,ЮЗАО,Академический,Профсоюзная
607,3,5,21,65.7,21950000,15,ЮЗАО,Коньково,Калужская
608,2,22,29,62.4,22150061,17,ЮВАО,Южнопортовый,Дубровка
609,3,23,25,83.6,22500000,6,ЮАО,Чертаново Центральное,Пражская
610,2,21,24,54.2,22990000,4,ЮАО,Даниловский,ЗИЛ
611,2,8,27,56.1,23300000,11,ЮВАО,Лефортово,Авиамоторная
612,2,6,25,68.4,24000000,16,ЗАО,Филевский парк,Фили
613,2,3,20,64.1,24619528,17,ЮАО,Даниловский,Тульская
614,3,5,25,50.75,26633600,5,СЗАО,Хорошево,Октябрьское поле
615,3,37,48,55.2,,13,ЗАО,Очаково,Аминьевская
616,3,7,16,76.3,31798933,6,САО,Сокол,Зорге
617,3,10,25,77.0,40000000,18,ЗАО,Тропарево,Озёрная
618,3,13,21,61.0,42800000,2,ЦАО,Басманный,Чкаловская
619,2,8,17,71.8,43991860,12,ЗАО,Филевский парк,Филёвский парк
620,3,13,22,110.0,45000000,8,ВАО,Сокольники,Электрозаводская
621,2,25,49,93.6,50000000,17,ЗАО,Проспект Вернадского,Проспект Вернадского
622,2,4,17,87.6,50808000,14,ЮЗАО,Гагаринский,Ленинский проспект
623,3,7,10,91.9,57000000,6,ЦАО,Арбат,Смоленская
624,3,18,25,98.0,64900000,18,ЗАО,Очаково,Матвеевская
625,3,13,18,89.9,76000000,12,ЮАО,Даниловский,Шаболовская
626,3,11,12,111.1,78900000,10,ЦАО,Замоскворечье,Серпуховская
627,3,4,15,121.1,84770000,12,ЦАО,Пресненский,Баррикадная
628,3,8,14,92.1,90800000,5,ЗАО,Раменки,Минская
629,3,45,75,220.0,97000000,2,ЦАО,Пресненский,Деловой центр
630,3,1,3,123.0,99000000,5,СВАО,Марьина роща,Марьина Роща
631,3,10,11,105.1,151417611,15,ЗАО,Дорогомилово,Москва
632,3,5,7,104.0,155000000,6,ЦАО,Арбат,Арбатская
633,3,3,3,160.0,195000000,4,ЦАО,Якиманка,Третьяковская
634,3,5,6,160.0,197000000,9,ЦАО,Замоскворечье,Новокузнецкая
635,3,3,7,163.0,218000000,6,ЦАО,Хамовники,Парк Культуры
636,3,2,6,156.0,431572329,10,ЦАО,Хамовники,Парк Культуры
637,3,2,10,61.1,9646986,9,НАО (Новомосковский),,Толстопальцево
638,3,1,9,60.2,12000000,14,ЮЗАО,Коньково,Беляево
639,3,5,9,54.0,13300000,3,ЮЗАО,Ясенево,Новоясеневская
640,2,11,13,47.0,14817000,17,НАО (Новомосковский),,Ольховая
641,2,6,24,40.0,15999000,8,СЗАО,Митино,Пятницкое шоссе
642,2,2,9,46.0,15900000,12,СВАО,Северное Медведково,Медведково
643,,,,43.5,17552250,20,СЗАО,Хорошево,Полежаевская
644,2,51,53,37.4,19500000,13,ЗАО,Очаково,Мичуринский проспект
645,,,,,22553300,11,ЮЗАО,Черемушки,Новые Черёмушки
646,1,18,25,40.2,23432905,6,ЮАО,Нагатино,Нагатинская
647,2,30,30,56.7,23250000,18,ЗАО,Можайский,Давыдково
648,3,3,16,68.6,26000000,19,ЮАО,Москворечье,Варшавская
649,2,3,19,59.6,29621200,20,СЗАО,Щукино,Октябрьское поле
650,2,10,14,44.0,33499000,5,ЗАО,Раменки,Минская
651,3,10,15,67.9,48900000,4,САО,Беговой,Белорусская
652,3,4,5,73.7,73459119,7,ЦАО,Мещанский,Трубная
653,3,22,53,130.0,100000000,4,ЗАО,Раменки,Ломоносовский проспект
654,3,10,11,105.0,143500000,15,ЗАО,Дорогомилово,Москва
655,1,4,6,88.2,175720000,5,ЦАО,Басманный,Чистые пруды
656,3,6,16,60.1,12142003,17,НАО (Новомосковский),,Ольховая
657,2,2,31,41.0,,13,САО,Западное Дегунино,Селигерская
658,3,21,25,77.4,22900000,10,ЗАО,Очаково,Аминьевская
659,2,14,14,44.18,24648905,3,ЦАО,Пресненский,Шелепиха
660,2,9,30,49.8,27000000,5,СЗАО,Хорошево,Хорошёвская
661,1,3,13,54.02,29997306,24,ЗАО,,Павшино
662,1,12,36,42.2,30630515,5,САО,Беговой,Белорусская
663,2,6,40,78.0,30700000,7,ЮЗАО,Обручевский,Новые Черёмушки
664,3,4,30,72.2,33000000,5,СЗАО,Хорошево,Шелепиха
665,2,20,20,65.6,33404761,5,СЗАО,Покровское,Трикотажная
666,2,6,8,60.0,35000000,11,ЗАО,Дорогомилово,Москва
667,3,13,20,108.0,47950000,11,СВАО,Алексеевский,Алексеевская
668,3,2,18,153.7,49600000,12,ЮЗАО,Ломоносовский,Профсоюзная
669,3,12,59,166.0,59990000,12,СВАО,Ростокино,Ростокино
670,3,12,12,81.2,67900000,13,САО,Сокол,Сокол
671,3,44,65,96.0,74000000,2,ЦАО,Пресненский,Москва
672,3,13,25,88.4,88000000,18,ЗАО,Очаково,Матвеевская
673,1,15,17,38.0,11800000,19,ВАО,Вешняки,Новогиреево
674,1,13,15,35.4,17599000,17,ЮАО,Даниловский,ЗИЛ
675,2,18,29,46.4,,18,ЮВАО,Нижегородский,Нижегородская
676,2,2,8,42.3,19990000,2,САО,Аэропорт,Сокол
677,2,5,14,68.0,20700000,10,ЮВАО,Рязанский,Рязанский проспект
678,2,2,16,55.54,21287149,15,ЮАО,Даниловский,Тульская
679,2,7,46,60.0,22000000,12,ЮЗАО,Обручевский,Калужская
680,1,2,19,43.4,22472520,13,СЗАО,Покровское,Спартак
681,1,7,24,49.0,23000000,12,СЗАО,Хорошево,Народное Ополчение
682,1,4,5,30.3,23000000,5,ЦАО,Хамовники,Спортивная
683,3,5,22,58.0,24700000,17,САО,Хорошевский,Полежаевская
684,2,16,21,58.28,25273435,2,САО,Хорошевский,Полежаевская
685,3,8,9,72.3,25500000,12,ЮЗАО,Ломоносовский,Профсоюзная
686,1,11,20,49.8,27190800,13,ЦАО,Басманный,Бауманская
687,2,11,37,58.3,27459300,12,СВАО,Останкинский,Алексеевская
688,2,6,24,61.4,28000000,5,САО,Сокол,Панфиловская
689,1,9,13,51.1,30000000,5,ЗАО,Раменки,Минская
690,3,10,39,86.5,30490000,4,ЗАО,Раменки,Аминьевская
691,2,4,20,74.1,31000000,12,ЮАО,Нагатино,Нагатинская
692,3,8,18,75.5,38500000,11,СВАО,Алексеевский,Алексеевская
693,3,21,24,110.55,48000000,7,САО,Дмитровский,Яхромская
694,3,14,35,96.0,60500000,18,СЗАО,Щукино,Щукинская
695,3,3,10,110.4,97500000,8,ЦАО,Тверской,Новослободская
696,1,8,12,81.0,98000000,6,ЦАО,Хамовники,Спортивная
697,3,4,12,100.0,100000000,7,ЦАО,Пресненский,Пушкинская
698,3,17,21,120.0,108000000,7,ЦАО,Пресненский,Улица 1905 года
699,3,3,7,95.7,140000000,16,ЦАО,Замоскворечье,Новокузнецкая
700,3,5,7,182.0,280000000,9,ЦАО,Таганский,Таганская
701,2,2,17,54.5,12058878,10,НАО (Новомосковский),,Улица Горчакова
702,2,2,14,64.1,12915830,17,НАО (Новомосковский),,Аэропорт Внуково
703,2,26,30,45.4,13270898,15,ЮЗАО,Южное Бутово,Улица Горчакова
704,2,1,17,59.2,15274664,20,НАО (Новомосковский),,Мичуринец
705,3,4,17,52.6,17000000,16,НАО (Новомосковский),,Прокшино
706,3,1,9,83.0,17900000,3,ЮВАО,Марьино,Братиславская
707,2,16,35,39.7,20045539,8,САО,Левобережный,Речной вокзал
708,2,3,21,39.0,,16,ЦАО,Басманный,Электрозаводская
709,2,11,56,48.7,22862682,19,ЗАО,Раменки,Минская
710,1,3,57,42.77,24617001,5,ЗАО,Филевский парк,Фили
711,1,16,39,47.6,25000000,2,ЗАО,Раменки,Аминьевская
712,2,21,22,58.9,31323020,10,СВАО,Останкинский,ВДНХ
713,1,6,15,45.0,36800000,2,САО,Беговой,Белорусская
714,2,8,41,55.5,38925524,13,САО,Хорошевский,Петровский Парк
715,3,2,7,97.1,44900000,6,ЮАО,Донской,Ленинский проспект
716,3,6,18,113.4,46000000,12,ЮЗАО,Ломоносовский,Профсоюзная
717,2,2,3,77.0,50000000,11,ЦАО,Хамовники,Киевская
718,2,2,7,60.4,50462511,6,ЦАО,Пресненский,Арбатская
719,2,9,32,63.0,52000000,14,ЗАО,Дорогомилово,Поклонная
720,3,3,18,161.3,53300000,12,ЮЗАО,Ломоносовский,Профсоюзная
721,2,6,21,41.0,54000000,8,ЦАО,Якиманка,Шаболовская
722,3,17,48,120.0,54450000,12,СЗАО,Щукино,Щукинская
723,2,7,21,41.0,55000000,8,ЦАО,Якиманка,Шаболовская
724,2,28,48,82.0,55000000,11,СЗАО,Щукино,Щукинская
725,2,3,6,58.0,59990000,10,ЦАО,Хамовники,Парк Культуры
726,3,5,23,98.3,60000000,8,СЗАО,Щукино,Октябрьское поле
727,3,19,22,114.7,67500000,6,ЮАО,Донской,Ленинский проспект
728,3,17,32,84.0,83000000,14,ЗАО,Дорогомилово,Поклонная
729,3,5,5,174.6,86000000,11,ЮЗАО,Академический,Академическая
730,2,10,14,99.61,91999000,6,ЦАО,Хамовники,Спортивная
731,3,11,21,90.0,99989000,7,ЦАО,Пресненский,Улица 1905 года
732,3,4,12,100.0,100000000,7,ЦАО,Пресненский,Пушкинская
733,3,3,8,100.5,108840710,4,ЦАО,Красносельский,Лубянка
734,3,2,11,135.0,119000000,12,ЦАО,Басманный,Курская
735,3,5,6,105.0,120000000,11,ЦАО,Басманный,Красные ворота
736,3,3,8,113.0,135000000,4,ЗАО,Раменки,Ломоносовский проспект
737,143,4,21,99.0,140000000,8,ЦАО,Якиманка,Шаболовская
738,2,2,5,105.0,160000000,1,ЦАО,Тверской,Лубянка
739,3,47,53,160.0,188800000,4,ЗАО,Раменки,Ломоносовский проспект
740,3,4,5,166.0,312000000,1,ЦАО,Тверской,Лубянка
741,3,2,5,147.0,400000000,2,ЦАО,Хамовники,Кропоткинская
742,3,2,4,219.2,563064154,7,ЦАО,Хамовники,Парк Культуры
743,2,2,9,46.0,10700000,15,ЮВАО,Текстильщики,Текстильщики
744,2,1,5,45.8,11000000,12,ЗАО,Фили,Кунцевская
745,2,4,18,37.2,12400000,8,НАО (Новомосковский),,Прокшино
746,1,9,9,41.0,12900000,17,НАО (Новомосковский),,Румянцево
747,2,5,8,44.7,14190000,4,ЮАО,Донской,Верхние котлы
748,3,1,17,72.7,15500000,7,СЗАО,Митино,Волоколамская
749,1,11,16,44.9,16990000,14,ЦАО,Басманный,Электрозаводская
750,1,2,16,40.9,17295455,7,ВАО,Преображенское,Преображенская площадь
751,1,11,15,36.7,17499000,20,ЮАО,Даниловский,ЗИЛ
752,1,2,21,37.76,20490000,11,СВАО,Марфино,Телецентр
753,1,2,9,34.1,20990000,6,ЦАО,Красносельский,Сухаревская
754,3,3,22,75.5,21500000,8,СЗАО,Северное Тушино,Сходненская
755,1,5,21,48.4,22800000,11,СЗАО,Щукино,Щукинская
756,3,4,6,68.5,22990000,8,ЦАО,Басманный,Бауманская
757,3,21,25,77.4,22900000,11,ЗАО,Очаково,Аминьевская
758,2,2,34,62.7,29000000,14,СЗАО,Хорошево,Шелепиха
759,3,26,35,70.2,29950000,19,СВАО,Останкинский,Алексеевская
760,1,3,15,37.5,30000000,8,САО,Аэропорт,Динамо
761,2,4,21,71.8,29850000,11,СЗАО,Щукино,Щукинская
762,3,6,8,57.4,31990000,7,ЦАО,Хамовники,Парк Культуры
763,2,21,26,54.9,,15,ЮАО,Нагатино,Нагатинская
764,3,20,39,86.5,32900000,4,ЗАО,Раменки,Аминьевская
765,3,2,30,90.8,33800000,16,ВАО,Богородское,Белокаменная
766,1,8,41,41.0,34000000,12,САО,Хорошевский,Аэропорт
767,3,5,11,62.3,34300000,8,ЦАО,Басманный,Курская
768,3,4,5,83.4,34990000,10,ЦАО,Хамовники,Смоленская
769,2,14,24,73.7,35000000,5,ЮАО,Нагатинский затон,Технопарк
770,3,8,14,76.5,37490000,4,ЦАО,Якиманка,Октябрьская
771,3,36,53,82.5,38000000,10,СЗАО,Хорошево,Народное Ополчение
772,2,3,5,41.23,40900000,6,ЦАО,Замоскворечье,Новокузнецкая
773,3,16,22,96.9,41000000,7,ЗАО,Кунцево,Кунцевская
774,3,6,9,76.5,41500000,15,ЮАО,Донской,Шаболовская
775,2,19,24,70.0,42000000,8,САО,Хорошевский,Хорошёвская
776,2,7,38,81.1,45000000,11,СЗАО,Щукино,Щукинская
777,2,2,8,61.5,51000000,13,ЦАО,Таганский,Китай
778,3,2,6,121.0,50900000,6,СЗАО,Покровское,Стрешнево
779,3,5,9,100.0,51000000,15,ЮАО,Донской,Шаболовская
780,2,15,32,64.0,52500000,14,ЗАО,Дорогомилово,Поклонная
781,2,13,16,75.3,54000000,4,САО,Беговой,Белорусская
782,3,4,6,75.0,56890000,8,ЦАО,Хамовники,Смоленская
783,3,14,36,96.0,61000000,16,СЗАО,Хорошево,Шелепиха
784,3,28,41,102.0,62000000,18,ЗАО,Раменки,Кутузовская
785,3,7,9,80.1,62290000,4,ЦАО,Тверской,Пушкинская
786,3,2,8,92.0,63800000,7,ЦАО,Хамовники,Смоленская
787,3,13,13,99.0,66000000,8,ЦАО,Замоскворечье,Серпуховская
788,3,4,7,108.0,73900000,10,ЦАО,Тверской,Цветной бульвар
789,2,9,9,80.0,80000000,10,ЦАО,Хамовники,Смоленская
790,3,3,3,87.7,84600000,5,ЦАО,Мещанский,Сретенский бульвар
791,2,2,9,60.0,93700000,12,ЦАО,Таганский,Китай
792,2,4,6,105.6,98000000,6,ЦАО,Арбат,Арбатская
793,3,4,6,106.0,98000000,6,ЦАО,Арбат,Арбатская
794,3,4,13,130.0,101006289,9,ЦАО,Пресненский,Баррикадная
795,3,4,12,146.0,106500000,3,ЦАО,Замоскворечье,Новокузнецкая
796,2,5,6,94.0,110000000,9,ЦАО,Замоскворечье,Новокузнецкая
797,2,11,12,113.91,118850000,7,ЦАО,Хамовники,Спортивная
798,3,4,6,180.0,120000000,6,ЦАО,Басманный,Курская
799,3,3,11,118.71,126890000,6,ЦАО,Хамовники,Спортивная
800,3,9,12,102.2,130000000,5,ЗАО,Раменки,Минская
801,3,6,20,113.0,136000000,7,ЦАО,Пресненский,Улица 1905 года
802,3,3,7,103.0,140000000,16,ЦАО,Замоскворечье,Новокузнецкая
803,3,47,54,160.8,194800000,4,ЗАО,Раменки,Ломоносовский проспект
804,2,15,25,32.71,12108104,9,ВАО,Соколиная гора,Измайлово
805,1,6,9,36.0,12500000,14,СВАО,Отрадное,Отрадное
806,2,5,18,53.1,13728800,13,НАО (Новомосковский),,Коммунарка
807,1,3,22,32.1,16734018,13,СВАО,Марьина роща,Савёловская
808,,,,43.5,17182500,20,СЗАО,Хорошево,Полежаевская
809,1,2,24,43.5,17768630,19,ЗАО,Очаково,Озёрная
810,1,4,15,32.6,18288906,4,СВАО,Останкинский,Алексеевская
811,1,3,35,39.08,20505276,17,ЮЗАО,Котловка,Профсоюзная
812,1,23,34,42.1,21268920,16,САО,Левобережный,Беломорская
813,1,50,75,37.96,22355403,9,ЮАО,Донской,Площадь Гагарина
814,1,10,25,39.84,22702148,6,ЮАО,Нагатино,Нагатинская
815,1,11,23,41.0,23734000,10,СВАО,Ростокино,Ботанический сад
816,1,12,13,39.8,25145601,8,ЮАО,Даниловский,Тульская
817,,,,,26753220,11,СЗАО,Щукино,Щукинская
818,3,9,25,65.5,27000000,4,СЗАО,Покровское,Трикотажная
819,1,5,9,43.4,27009686,8,СВАО,Марьина роща,Марьина Роща
820,3,1,8,74.4,27500000,5,ЗАО,Дорогомилово,Кутузовская
821,3,26,35,71.0,29950000,19,СВАО,Останкинский,Алексеевская
822,2,22,26,67.0,30490000,8,СЗАО,Покровское,Спартак
823,1,12,13,48.6,32610600,8,ЦАО,Арбат,Смоленская
824,1,24,26,42.45,36260790,10,ЦАО,Пресненский,Белорусская
825,2,17,21,87.5,36999999,7,СВАО,Алексеевский,Алексеевская
826,3,4,19,92.8,38187900,13,СЗАО,Покровское,Спартак
827,3,4,11,76.5,46000000,6,СВАО,Свиблово,Ботанический сад
828,1,11,18,52.4,55200190,19,ЗАО,Дорогомилово,Москва
829,1,10,21,65.0,67000000,9,ЦАО,Пресненский,Улица 1905 года
830,1,3,6,48.23,80013570,10,ЦАО,Замоскворечье,Новокузнецкая
831,3,3,6,137.0,164000000,4,ЦАО,Якиманка,Полянка
832,3,4,8,145.7,235000000,5,ЦАО,Замоскворечье,Новокузнецкая
833,3,2,4,125.0,250000000,11,ЦАО,Пресненский,Арбатская
834,3,3,6,158.6,290000000,5,ЦАО,Хамовники,Парк Культуры
835,1,4,9,26.8,6182125,12,ЮВАО,Люблино,Братиславская
836,1,1,9,29.8,6370000,12,ЮВАО,Люблино,Братиславская
837,1,6,9,26.9,6507900,12,ЮВАО,Люблино,Братиславская
838,1,5,9,29.5,6688500,12,ЮВАО,Люблино,Братиславская
839,1,3,9,30.3,6825000,12,ЮВАО,Люблино,Братиславская
840,1,1,9,34.9,6854250,12,ЮВАО,Люблино,Братиславская
841,1,9,9,35.1,7220000,12,ЮВАО,Люблино,Братиславская
842,2,5,23,39.8,7500000,12,НАО (Новомосковский),,Филатов Луг
843,1,9,9,35.3,8977500,12,ЮВАО,Люблино,Братиславская
844,1,9,9,35.9,9072500,12,ЮВАО,Люблино,Братиславская
845,1,4,9,36.1,9120000,12,ЮВАО,Люблино,Братиславская
846,1,5,9,36.1,9120000,12,ЮВАО,Люблино,Братиславская
847,1,4,9,36.0,9120000,12,ЮВАО,Люблино,Братиславская
848,1,7,9,36.9,9215000,12,ЮВАО,Люблино,Братиславская
849,1,9,9,36.5,9215000,12,ЮВАО,Люблино,Братиславская
850,1,8,9,37.0,9215000,12,ЮВАО,Люблино,Братиславская
851,1,7,9,36.3,9215000,12,ЮВАО,Люблино,Братиславская
852,2,3,9,48.7,10200000,12,ЮВАО,Люблино,Братиславская
853,2,6,14,52.73,12591291,5,ЗелАО,Силино,Зеленоград
854,1,7,26,37.6,13573600,14,ВАО,Соколиная гора,Соколиная гора
855,2,15,15,50.8,14461465,9,НАО (Новомосковский),,Филатов Луг
856,1,30,32,43.8,16950000,7,СВАО,Бутырский,Бутырская
857,2,3,16,30.97,17364879,5,СЗАО,Хорошево,Октябрьское поле
858,1,23,25,39.2,17836000,4,СЗАО,Щукино,Щукинская
859,2,14,28,63.94,18686595,12,ЮВАО,Нижегородский,Нижегородская
860,1,6,26,24.5,19028856,10,ЮАО,Даниловский,Павелецкая
861,2,4,8,54.7,21900000,6,САО,Сокол,Сокол
862,2,35,37,59.7,25000000,7,ЗАО,Раменки,Аминьевская
863,3,19,24,80.5,25000000,18,ВАО,Метрогородок,Бульвар Рокоссовского
864,2,12,26,45.3,25000000,10,СЗАО,Покровское,Спартак
865,2,9,54,55.9,,11,ЗАО,Очаково,Мичуринский проспект
866,2,11,20,64.0,30000000,15,СЗАО,Хорошево,Шелепиха
867,3,3,17,76.1,34000000,3,ЮЗАО,Теплый Стан,Тропарёво
868,3,5,26,64.3,39950000,8,САО,Аэропорт,Динамо
869,2,2,4,58.2,49590000,4,ЦАО,Тверской,Тверская
870,3,20,57,82.3,49900000,10,СЗАО,Хорошево,Народное Ополчение
871,1,3,14,62.0,63000000,10,ЦАО,Замоскворечье,Серпуховская
872,3,2,8,91.8,63800000,7,ЦАО,Хамовники,Смоленская
873,2,46,75,114.0,86000000,3,ЦАО,Пресненский,Деловой центр
874,2,62,77,111.0,149000000,4,ЦАО,Пресненский,Деловой центр
875,3,8,10,150.0,148000000,3,ЦАО,Замоскворечье,Новокузнецкая
876,1,4,4,39.9,11700000,19,СЗАО,Южное Тушино,Трикотажная
877,2,11,16,41.9,12550181,12,НАО (Новомосковский),,Улица Старокачаловская
878,1,6,12,41.15,13400000,10,ЮАО,Нагатинский затон,Кленовый бульвар
879,2,3,12,45.9,13999000,6,САО,Западное Дегунино,Ховрино
880,1,4,39,39.6,15509395,4,САО,Западное Дегунино,Селигерская
881,1,2,9,33.6,15500000,6,ЦАО,Мещанский,Рижская
882,3,4,9,67.5,20500000,8,СВАО,Бутырский,Фонвизинская
883,1,8,19,53.4,25407720,10,САО,Савеловский,Гражданская
884,3,2,20,75.0,29000000,10,ЮЗАО,Академический,Профсоюзная
885,2,5,16,74.6,30831133,6,САО,Сокол,Зорге
886,2,5,6,67.4,31500000,8,ЦАО,Замоскворечье,Серпуховская
887,2,9,23,68.4,33300000,17,СЗАО,Хорошево,Терехово
888,3,1,19,100.0,45000000,16,СЗАО,Хорошево,Шелепиха
889,3,2,5,88.0,67499000,1,ЦАО,Замоскворечье,Третьяковская
890,2,12,18,82.0,70000000,7,САО,Беговой,Динамо
891,3,11,22,96.9,87400000,1,ЦАО,Пресненский,Краснопресненская
892,3,5,33,115.0,125000000,13,ЦАО,Таганский,Китай
893,3,4,13,149.9,130000000,9,ЦАО,Пресненский,Баррикадная
894,1,8,17,25.7,7766495,8,НАО (Новомосковский),,Корниловская
895,2,6,10,40.9,7766452,9,НАО (Новомосковский),,Толстопальцево
896,1,12,22,20.5,9200000,16,ЗАО,Тропарево,Юго
897,1,13,14,37.8,10001880,13,НАО (Новомосковский),,Кедровая
898,1,2,15,28.3,10541750,9,САО,Головинский,Коптево
899,1,8,13,33.6,,14,ЮВАО,Печатники,Кожуховская
900,1,12,16,38.5,11900000,7,НАО (Новомосковский),,Филатов Луг
901,2,2,15,62.6,13055884,17,НАО (Новомосковский),,Ольховая
902,3,3,9,57.5,13599000,13,ВАО,Вешняки,Вешняки
903,1,17,48,35.2,14720217,4,СЗАО,Покровское,Тушинская
904,2,5,14,47.0,14700000,7,САО,Аэропорт,Гражданская
905,3,2,5,55.5,16150000,2,САО,Аэропорт,Красный Балтиец
906,1,29,30,32.1,16433049,13,ЮВАО,Рязанский,Окская
907,1,7,13,40.01,17044172,15,ЮАО,Москворечье,Варшавская
908,1,24,28,34.1,17800200,8,СЗАО,Хорошево,
909,1,2,6,39.0,19500000,16,СЗАО,Хорошево,Народное Ополчение
910,1,22,24,42.7,19500000,4,ЮАО,Даниловский,ЗИЛ
911,1,37,49,40.34,19605240,17,СВАО,Марьина роща,Марьина Роща
912,1,20,20,39.9,23385390,4,САО,Аэропорт,Красный Балтиец
913,1,4,32,34.9,,12,СЗАО,Хорошево,Шелепиха
914,1,6,15,40.5,23981169,9,ЗАО,Раменки,Раменки
915,1,6,13,42.36,25257000,15,ЮВАО,Южнопортовый,Дубровка
916,1,8,17,36.2,27000000,6,ЦАО,Тверской,Маяковская
917,2,27,33,47.4,28500000,19,ЮАО,Даниловский,Павелецкая
918,2,18,30,79.6,29500000,19,ЗАО,Можайский,Давыдково
919,2,25,52,70.0,37900000,10,ЗАО,Раменки,Раменки
920,2,2,18,120.3,38500000,12,ЮЗАО,Ломоносовский,Профсоюзная
921,3,9,43,64.2,41500000,16,СЗАО,Хорошево,Шелепиха
922,2,28,29,53.6,44000000,11,ЦАО,Якиманка,Октябрьская
923,3,3,19,67.0,44000000,7,САО,Беговой,Динамо
924,3,2,13,121.0,45990000,9,ЦАО,Пресненский,Белорусская
925,2,40,68,70.0,49050000,2,ЦАО,Пресненский,Москва
926,3,16,32,123.9,49800000,13,ЮЗАО,Черемушки,Зюзино
927,3,3,25,103.0,49700000,10,ЗАО,Очаково,Матвеевская
928,3,16,39,84.8,51000000,4,ЗАО,Раменки,Аминьевская
929,3,10,25,99.0,56500000,9,САО,Аэропорт,Динамо
930,2,3,21,56.58,58600000,7,ЦАО,Пресненский,Улица 1905 года
931,2,12,21,60.4,61700000,9,ЦАО,Пресненский,Улица 1905 года
932,2,4,20,76.6,62046000,1,ЦАО,Пресненский,Краснопресненская
933,3,57,68,96.4,67480000,2,ЦАО,Пресненский,Москва
934,3,5,6,78.1,68867924,4,ЦАО,Тверской,Маяковская
935,3,8,8,68.8,78450000,2,ЦАО,Тверской,Маяковская
936,3,14,17,119.0,79000000,6,ЦАО,Арбат,Смоленская
937,2,2,6,75.0,84750000,9,ЦАО,Замоскворечье,Третьяковская
938,3,11,20,97.0,87500000,1,ЦАО,Пресненский,Краснопресненская
939,3,7,21,87.6,91000000,9,ЦАО,Пресненский,Улица 1905 года
940,2,3,9,65.0,91823899,8,ЦАО,Пресненский,Пушкинская
941,3,9,14,83.0,98000000,9,ЦАО,Мещанский,Достоевская
942,3,14,20,132.5,110000000,17,ЮЗАО,Гагаринский,Воробьёвы горы
943,3,9,21,97.0,110000000,9,ЦАО,Пресненский,Улица 1905 года
944,2,6,8,94.0,130000000,12,ЦАО,Хамовники,Парк Культуры
945,3,3,13,150.0,130000000,9,ЦАО,Пресненский,Баррикадная
946,2,3,9,135.4,145000000,3,ЦАО,Якиманка,Полянка
947,3,3,10,172.5,225000000,8,ЦАО,Тверской,Новослободская
948,3,29,53,191.5,229559749,4,ЗАО,Раменки,Ломоносовский проспект
949,3,7,9,160.8,284654089,2,ЦАО,Тверской,Маяковская
950,3,4,8,162.9,385000000,6,ЦАО,Хамовники,Парк Культуры
951,1,15,22,19.9,8060000,16,ЗАО,Тропарево,Юго
952,1,14,22,19.6,8145000,16,ЗАО,Тропарево,Юго
953,1,6,22,17.3,8590000,10,ЗАО,Тропарево,Тропарёво
954,1,11,22,21.3,8600000,16,ЗАО,Тропарево,Юго
955,1,6,22,17.3,8590000,16,ЗАО,Тропарево,Юго
956,1,6,19,34.2,8892000,5,СЗАО,Митино,Пятницкое шоссе
957,1,22,22,19.4,8880000,16,ЗАО,Тропарево,Юго
958,1,13,22,17.6,8900000,16,ЗАО,Тропарево,Юго
959,1,15,22,20.3,9243500,16,ЗАО,Тропарево,Юго
960,1,2,2,30.0,9900000,13,ЮВАО,Текстильщики,Текстильщики
961,1,2,2,29.3,9850000,13,ЮВАО,Текстильщики,Текстильщики
962,2,1,14,38.4,10150000,3,САО,Бескудниковский,Селигерская
963,2,4,5,42.8,11990000,10,ВАО,Новогиреево,Новогиреево
964,1,21,25,33.5,11950000,10,ЗАО,Кунцево,Павшино
965,1,24,24,42.0,12200000,14,ЮЗАО,Северное Бутово,Бульвар Дмитрия Донского
966,1,15,30,37.5,14500000,6,ЮВАО,Южнопортовый,Угрешская
967,2,8,9,40.0,14400000,13,СЗАО,Хорошево,Народное Ополчение
968,2,8,14,40.8,14900000,5,ЗАО,Очаково,Озёрная
969,1,5,64,37.4,15019652,5,СЗАО,Хорошево,Хорошёвская
970,2,10,14,46.3,15490000,1,СВАО,Свиблово,Свиблово
971,1,5,13,34.0,17500000,8,ЮАО,Даниловский,Тульская
972,1,6,18,40.9,17400000,10,ЮЗАО,Академический,Профсоюзная
973,1,14,16,38.0,17888888,7,ЮАО,Даниловский,ЗИЛ
974,1,18,21,46.7,17999900,12,СЗАО,Хорошево,Народное Ополчение
975,1,10,30,37.2,17932590,17,ЮВАО,Южнопортовый,Дубровка
976,3,16,24,60.0,18550000,20,НАО (Новомосковский),,Рассказовка
977,2,7,9,43.1,18500000,7,ЮАО,Нагатинский затон,Коломенская
978,2,3,17,56.8,19290000,7,ЮАО,Чертаново Северное,Южная
979,1,9,23,61.5,19500000,9,ЮАО,Нагорный,Варшавская
980,1,18,48,42.4,19900000,9,СЗАО,Хорошево,Народное Ополчение
981,2,9,33,60.9,21000000,7,СВАО,Бабушкинский,Свиблово
982,1,10,25,40.7,21855900,4,ЮВАО,Печатники,
983,1,12,23,46.2,21900000,16,СЗАО,Хорошево,Терехово
984,1,11,20,44.0,22500000,3,САО,Левобережный,Беломорская
985,2,5,13,43.0,23200000,8,ЮАО,Даниловский,Тульская
986,3,8,12,65.7,24290000,7,ЗАО,Раменки,Раменки
987,2,12,17,57.8,25990000,3,ЗАО,Раменки,Раменки
988,3,3,8,70.5,26590000,4,ЗАО,Раменки,Ломоносовский проспект
989,2,11,27,83.0,26700000,8,ЮАО,Даниловский,ЗИЛ
990,3,11,22,77.0,27990000,13,СВАО,Марфино,Улица Милашенкова
991,1,5,6,43.0,27999000,7,САО,Беговой,Белорусская
992,2,6,12,52.0,30000000,8,САО,Аэропорт,Петровский Парк
993,3,12,12,68.8,29900000,4,ЗАО,Фили,Кунцевская
994,2,6,11,79.7,30000000,5,ЮВАО,Лефортово,Москва
995,3,2,18,70.0,29950000,7,САО,Беговой,Динамо
996,2,3,22,43.0,31000000,10,ЮЗАО,Академический,Академическая
997,3,7,10,68.5,31500000,15,ЮАО,Даниловский,Павелецкая
998,3,9,9,68.0,32000000,7,ЦАО,Тверской,Маяковская
999,3,7,9,55.4,33490000,8,ЗАО,Очаково,Аминьевская
1000,3,4,13,61.3,33700000,18,СЗАО,Хорошево,Терехово
1001,2,9,21,50.3,33900000,2,ЦАО,Басманный,Чкаловская
1002,2,2,14,70.8,35000000,6,ЦАО,Мещанский,Сухаревская
1003,2,18,25,72.5,35000000,5,ЗАО,Раменки,Аминьевская
1004,1,13,21,49.7,37600000,2,ЦАО,Басманный,Чкаловская
1005,13,3,9,79.3,38000000,17,ЗАО,Можайский,Рабочий посёлок
1006,3,3,14,68.7,38500000,5,ЗАО,Раменки,Минская
1007,2,8,22,87.2,39000000,15,ЗАО,Раменки,Поклонная
1008,2,3,5,52.0,39000000,16,ЮАО,Донской,Шаболовская
1009,2,24,24,58.0,39300000,11,СЗАО,Хорошево,Шелепиха
1010,3,11,13,82.4,40000000,3,ЗАО,Филевский парк,Фили
1011,1,16,17,48.3,42359100,14,ЮЗАО,Гагаринский,Ленинский проспект
1012,2,4,12,57.2,42500000,9,ЦАО,Хамовники,Парк Культуры
1013,2,8,36,71.0,45000000,11,СЗАО,Хорошево,Шелепиха
1014,3,39,43,68.0,44950000,16,СЗАО,Хорошево,Шелепиха
1015,2,15,46,66.1,45500000,20,ЮАО,Даниловский,Павелецкая
1016,2,4,8,65.0,45900000,2,ЦАО,Тверской,Маяковская
1017,3,3,8,68.3,48490000,4,ЦАО,Красносельский,Тургеневская
1018,3,9,9,91.0,49500000,14,ЮАО,Даниловский,Технопарк
1019,3,2,4,87.1,49500000,5,ЦАО,Тверской,Маяковская
1020,3,23,24,70.0,51000000,5,САО,Хорошевский,Полежаевская
1021,3,2,7,108.0,51840000,7,ЦАО,Тверской,Менделеевская
1022,3,2,3,114.5,55094339,19,ВАО,Сокольники,Красносельская
1023,2,6,7,68.6,58310000,7,ЦАО,Замоскворечье,Павелецкая
1024,3,15,51,76.0,59000000,12,ЗАО,Раменки,Раменки
1025,3,22,23,128.0,60000000,8,САО,Аэропорт,Сокол
1026,2,4,21,65.14,60000000,9,ЦАО,Пресненский,Улица 1905 года
1027,3,22,22,127.6,61248000,11,ЦАО,Якиманка,Серпуховская
1028,2,10,21,55.0,61800000,7,ЦАО,Пресненский,Улица 1905 года
1029,3,21,24,87.1,62000000,7,СЗАО,Хорошево,Народное Ополчение
1030,3,3,6,78.0,66800000,5,ЦАО,Тверской,Новослободская
1031,3,2,5,88.0,67500000,1,ЦАО,Замоскворечье,Третьяковская
1032,3,2,5,88.0,67500000,1,ЦАО,Замоскворечье,Третьяковская
1033,3,5,6,124.0,67490000,7,ЦАО,Тверской,Пушкинская
1034,2,3,3,107.8,70000000,9,СЗАО,Покровское,Балтийская
1035,3,5,15,128.6,70000000,13,ЗАО,Раменки,Ломоносовский проспект
1036,3,7,9,101.7,69950000,10,ЦАО,Замоскворечье,Новокузнецкая
1037,2,2,4,136.6,75000000,15,ЮАО,Донской,Тульская
1038,2,8,32,73.0,75000000,13,ЦАО,Таганский,Таганская
1039,3,22,22,159.9,76752000,11,ЦАО,Якиманка,Серпуховская
1040,3,14,17,120.0,79000000,6,ЦАО,Арбат,Смоленская
1041,3,2,7,90.0,80000000,9,ЦАО,Пресненский,Пушкинская
1042,3,7,41,91.2,80000000,13,САО,Хорошевский,Аэропорт
1043,2,4,6,156.0,79990000,7,ЦАО,Тверской,Маяковская
1044,3,3,5,112.0,85000000,8,ЦАО,Хамовники,Спортивная
1045,3,7,7,140.0,85000000,8,ЦАО,Арбат,Баррикадная
1046,3,7,7,132.1,85000000,8,ЦАО,Арбат,Баррикадная
1047,2,2,5,74.9,85750000,9,ЦАО,Замоскворечье,Третьяковская
1048,3,10,12,130.1,95000000,5,ЗАО,Дорогомилово,Парк Победы
1049,3,3,21,92.2,94966000,7,ЦАО,Пресненский,Улица 1905 года
1050,3,8,13,92.1,96705000,5,ЗАО,Раменки,Минская
1051,3,3,4,110.4,97850000,9,ЦАО,Тверской,Новослободская
1052,3,3,11,110.4,99000000,8,ЦАО,Тверской,Новослободская
1053,3,4,21,120.0,102000000,9,ЦАО,Пресненский,Улица 1905 года
1054,3,4,12,146.0,106500000,3,ЦАО,Замоскворечье,Новокузнецкая
1055,3,4,12,136.1,106500000,3,ЦАО,Замоскворечье,Новокузнецкая
1056,2,33,73,103.0,110000000,1,ЦАО,Пресненский,Деловой центр
1057,3,5,8,129.3,110000000,1,ЦАО,Замоскворечье,Третьяковская
1058,23,9,13,99.71,113000000,9,ЦАО,Хамовники,Спортивная
1059,3,8,13,99.71,113000000,9,ЦАО,Хамовники,Спортивная
1060,3,4,17,120.0,118300000,10,ЦАО,Замоскворечье,Серпуховская
1061,3,6,16,122.6,120000000,10,ЦАО,Хамовники,Смоленская
1062,3,3,4,104.0,120000000,8,ЦАО,Пресненский,Пушкинская
1063,3,4,9,130.0,128629930,5,ЦАО,Якиманка,Полянка
1064,3,7,15,109.8,134981132,9,ЗАО,Дорогомилово,Студенческая
1065,3,4,9,149.0,150000000,11,ЦАО,Пресненский,Баррикадная
1066,3,4,8,133.8,150000000,4,ЦАО,Красносельский,Лубянка
1067,3,7,7,164.0,150000000,14,ЗАО,Можайский,Давыдково
1068,3,2,7,94.0,153000000,6,ЦАО,Пресненский,Арбатская
1069,3,2,13,120.0,165000000,15,ЦАО,Пресненский,Улица 1905 года
1070,3,3,7,115.0,173000000,10,ЦАО,Пресненский,Арбатская
1071,3,10,14,146.0,175000000,6,ЦАО,Хамовники,Фрунзенская
1072,3,3,4,188.5,175000000,6,ЦАО,Тверской,Пушкинская
1073,3,4,8,117.7,185000000,7,ЦАО,Арбат,Арбатская
1074,2,2,8,89.3,188240000,4,ЦАО,Якиманка,Третьяковская
1075,3,9,57,158.0,202012579,10,САО,Хорошевский,Аэропорт
1076,3,2,6,119.0,215000000,5,ЦАО,Хамовники,Парк Культуры
1077,3,2,5,140.0,227576030,5,ЦАО,Мещанский,Трубная
1078,3,2,6,151.3,300000000,11,ЦАО,Хамовники,Киевская
1079,3,26,57,262.0,321383649,10,САО,Хорошевский,Аэропорт
1080,3,2,6,150.0,339748429,10,ЦАО,Хамовники,Парк Культуры
1081,2,8,9,44.0,10000000,20,САО,Головинский,Речной вокзал
1082,3,5,10,63.0,13850000,5,ЮЗАО,Южное Бутово,Щербинка
1083,3,8,9,68.3,15500000,20,ЮЗАО,Ясенево,Ясенево
1084,1,15,21,36.5,16500000,11,САО,Головинский,Водный стадион
1085,2,10,10,40.6,16646000,9,ЮВАО,Лефортово,Серп и Молот
1086,2,3,26,36.0,16790000,8,ЮВАО,Лефортово,Авиамоторная
1087,1,4,15,32.1,18000000,10,САО,Хорошевский,ЦСКА
1088,1,47,51,30.08,18767513,7,ЦАО,Пресненский,Шелепиха
1089,1,14,19,29.0,19459000,20,СЗАО,Щукино,Октябрьское поле
1090,3,2,10,54.5,22345000,9,ЮВАО,Лефортово,Серп и Молот
1091,2,5,5,79.5,28900000,16,ЦАО,Пресненский,Москва
1092,2,30,43,46.0,30490000,16,СЗАО,Хорошево,Шелепиха
1093,3,8,55,65.82,31000000,6,СВАО,Марьина роща,Марьина Роща
1094,2,17,46,50.4,34900000,4,ЗАО,Дорогомилово,Фили
1095,1,8,17,69.3,38918880,12,ЗАО,Филевский парк,Филёвский парк
1096,2,13,36,63.5,39900000,13,СЗАО,Хорошево,Шелепиха
1097,3,31,34,107.8,42000000,8,ЮЗАО,Обручевский,Воронцовская
1098,2,5,11,72.0,48000000,8,ЦАО,Басманный,Курская
1099,3,5,5,125.7,56000000,6,ЦАО,Тверской,Белорусская
1100,3,2,9,75.0,57000000,8,ЦАО,Пресненский,Пушкинская
1101,3,3,57,115.0,67970000,10,САО,Хорошевский,Аэропорт
1102,3,13,22,94.0,72300000,7,СЗАО,Хорошево,Щукинская
1103,3,8,10,105.0,72150000,3,ЦАО,Тверской,Менделеевская
1104,3,4,4,110.0,105597484,8,ЦАО,Хамовники,Смоленская
1105,3,4,6,78.0,120000000,6,ЦАО,Арбат,Арбатская
1106,3,22,65,191.6,140747673,2,ЦАО,Пресненский,Деловой центр
1107,3,4,8,123.0,200000000,5,ЦАО,Красносельский,Сретенский бульвар
1108,3,4,7,140.0,210000000,3,ЦАО,Арбат,Смоленская
1109,3,4,6,172.1,237043397,6,ЦАО,Хамовники,Кропоткинская
1110,1,6,13,33.9,11048000,17,НАО (Новомосковский),,Ольховая
1111,,,,,13421880,11,ЮЗАО,Черемушки,Новые Черёмушки
1112,1,2,45,39.3,,18,ЮВАО,Нижегородский,Нижегородская
1113,1,21,31,33.9,,13,САО,Западное Дегунино,Селигерская
1114,1,8,16,29.2,15100000,18,СЗАО,Хорошево,Мнёвники
1115,1,18,53,41.5,16000321,6,СЗАО,Покровское,Трикотажная
1116,1,3,14,38.8,16500000,1,ЮАО,Даниловский,ЗИЛ
1117,1,16,21,37.0,16647235,10,САО,Хорошевский,Зорге
1118,1,4,15,30.2,17500000,10,САО,Хорошевский,ЦСКА
1119,1,9,20,42.8,19500000,6,САО,Аэропорт,Красный Балтиец
1120,1,20,20,39.09,19612821,17,ЮАО,Даниловский,Тульская
1121,3,19,24,86.0,23500000,12,ЮЗАО,Северное Бутово,Бульвар Дмитрия Донского
1122,2,50,55,42.47,24000000,6,СВАО,Марьина роща,Марьина Роща
1123,2,50,55,42.62,24000000,6,СВАО,Марьина роща,Марьина Роща
1124,1,7,11,39.8,24950000,8,ЦАО,Басманный,Курская
1125,2,9,23,53.0,26900000,10,ЗАО,Раменки,Ломоносовский проспект
1126,3,6,11,79.7,30000000,5,ЮВАО,Лефортово,Москва
1127,2,12,15,43.4,32000000,4,ЦАО,Пресненский,Москва
1128,2,3,5,41.0,40900000,6,ЦАО,Замоскворечье,Новокузнецкая
1129,2,32,41,78.0,41400000,18,ЗАО,Раменки,Кутузовская
1130,3,50,55,63.6,41500000,6,СВАО,Марьина роща,Марьина Роща
1131,2,50,55,65.21,42000000,6,СВАО,Марьина роща,Марьина Роща
1132,3,22,46,71.0,43550000,4,ЗАО,Дорогомилово,Фили
1133,2,36,53,78.0,45800000,10,ЗАО,Раменки,Раменки
1134,3,8,36,72.0,45600000,11,СЗАО,Хорошево,Шелепиха
1135,2,3,5,44.0,46500000,6,ЦАО,Замоскворечье,Новокузнецкая
1136,2,5,8,52.7,49000000,2,ЦАО,Таганский,Китай
1137,2,4,8,66.7,52000000,13,ЦАО,Таганский,Китай
1138,3,50,55,80.11,51800000,6,СВАО,Марьина роща,Марьина Роща
1139,3,24,50,77.0,52000000,10,ЗАО,Раменки,Раменки
1140,3,5,12,74.4,55000000,11,ЦАО,Хамовники,Спортивная
1141,2,11,14,69.0,55000000,5,ЗАО,Раменки,Минская
1142,2,12,85,89.0,55000000,3,ЦАО,Пресненский,Деловой центр
1143,2,57,75,98.5,64025000,3,ЦАО,Пресненский,Деловой центр
1144,3,5,6,78.1,68867924,4,ЦАО,Тверской,Маяковская
1145,2,2,6,80.0,80000000,9,ЦАО,Замоскворечье,Третьяковская
1146,2,46,75,114.2,86000000,3,ЦАО,Пресненский,Деловой центр
1147,3,11,20,96.79,87500000,1,ЦАО,Пресненский,Краснопресненская
1148,2,6,10,70.0,88000000,8,ЦАО,Тверской,Новослободская
1149,2,4,7,65.0,88150943,8,ЦАО,Хамовники,Спортивная
1150,3,2,7,93.4,89900000,4,ЦАО,Арбат,Арбатская
1151,2,43,75,101.0,90000000,3,ЦАО,Пресненский,Деловой центр
1152,3,12,14,124.0,115000000,17,ЮАО,Даниловский,ЗИЛ
1153,3,7,15,109.8,119371069,10,ЗАО,Дорогомилово,Студенческая
1154,3,5,32,95.5,125000000,11,ЦАО,Таганский,Таганская
1155,2,10,12,97.9,130000000,6,ЦАО,Хамовники,Спортивная
1156,3,8,8,106.3,135000000,6,ЦАО,Хамовники,Спортивная
1157,3,4,6,138.0,135000000,5,ЦАО,Тверской,Трубная
1158,2,3,8,74.3,140000000,6,ЦАО,Якиманка,Полянка
1159,3,30,66,118.7,142440000,7,ЦАО,Пресненский,Москва
1160,3,33,65,190.0,148295598,2,ЦАО,Пресненский,Деловой центр
1161,3,6,8,106.7,150000000,11,ЦАО,Якиманка,Новокузнецкая
1162,3,2,21,120.0,165000000,15,ЦАО,Пресненский,Улица 1905 года
1163,3,4,6,145.0,167000000,4,ЦАО,Пресненский,Пушкинская
1164,3,70,75,100.0,178000000,3,ЦАО,Пресненский,Москва
1165,3,2,15,180.0,183647799,6,ЦАО,Хамовники,Фрунзенская
1166,3,2,7,186.0,186000000,10,ЦАО,Хамовники,Кропоткинская
1167,3,4,6,179.0,246547171,6,ЦАО,Хамовники,Кропоткинская
1168,3,3,14,124.7,250000000,6,ЦАО,Якиманка,Полянка
1169,3,3,7,154.2,293836479,7,ЦАО,Хамовники,Парк Культуры
1170,1,7,17,34.3,9901014,12,НАО (Новомосковский),,Мичуринец
1171,1,14,30,33.2,10218687,18,ЮЗАО,Южное Бутово,Бунинская аллея
1172,1,6,9,43.8,10314900,17,НАО (Новомосковский),,Аэропорт Внуково
1173,1,6,9,33.0,14900000,9,ВАО,Сокольники,Сокольники
1174,3,6,10,60.5,23700000,4,ЦАО,Якиманка,Октябрьская
1175,2,10,16,62.6,30990000,12,ЦАО,Басманный,Бауманская
1176,2,4,8,60.3,31000000,17,ЮЗАО,Ломоносовский,Университет
1177,3,20,42,70.6,33500000,20,ЮЗАО,Котловка,Нагорная
1178,1,3,5,46.3,41670000,6,ЦАО,Замоскворечье,Новокузнецкая
1179,3,20,24,70.0,45500000,9,ЗАО,Фили,Кунцевская
1180,3,7,20,75.6,46000000,14,ЮВАО,Лефортово,Авиамоторная
1181,3,21,22,106.0,74890000,14,СВАО,Алексеевский,ВДНХ
1182,3,42,42,100.0,82000000,4,ЗАО,Филевский парк,Фили
1183,2,5,7,77.4,84932100,4,ЦАО,Арбат,Арбатская
1184,3,3,7,112.5,85000000,8,ЦАО,Хамовники,Спортивная
1185,3,6,18,152.5,100000000,8,ЗАО,Дорогомилово,Студенческая
1186,2,51,75,123.0,115000000,3,ЦАО,Пресненский,Деловой центр
1187,3,6,21,112.7,132000000,9,ЦАО,Пресненский,Улица 1905 года
1188,3,7,15,105.3,135366793,10,ЗАО,Дорогомилово,Студенческая
1189,3,62,77,111.0,149000000,3,ЦАО,Пресненский,Москва
1190,3,14,17,169.5,161000000,6,ЦАО,Тверской,Маяковская
1191,2,3,6,150.8,192830189,5,ЦАО,Арбат,Смоленская
1192,3,8,11,138.6,231396227,12,ЦАО,Хамовники,Фрунзенская
1193,1,6,9,36.1,7603815,9,НАО (Новомосковский),,Толстопальцево
1194,1,2,18,22.3,7690741,9,НАО (Новомосковский),,Бунинская аллея
1195,1,5,17,40.0,8300000,4,НАО (Новомосковский),,Щербинка
1196,1,12,16,36.0,8861922,7,НАО (Новомосковский),,Улица Горчакова
1197,1,3,10,33.6,10335898,13,НАО (Новомосковский),,Бунинская аллея
1198,1,6,10,37.5,10322929,13,НАО (Новомосковский),,Коммунарка
1199,1,13,13,37.8,11500000,10,ВАО,Косино,Улица Дмитриевского
1200,1,6,9,40.1,11700000,3,ВАО,Косино,Реутов
1201,1,4,28,34.8,12172209,12,ЮВАО,Нижегородский,Нижегородская
1202,1,6,16,34.8,13100000,5,САО,Дмитровский,Яхромская
1203,1,1,16,43.9,14500000,16,САО,Ховрино,Речной вокзал
1204,1,2,10,38.19,15805008,15,ЮАО,Даниловский,Тульская
1205,1,2,48,32.5,,13,ЗАО,Очаково,Аминьевская
1206,1,16,29,36.9,16699000,12,ЮВАО,Печатники,Печатники
1207,1,3,16,36.2,20367033,13,САО,Сокол,Панфиловская
1208,1,26,26,33.6,,16,ЮАО,Нагатино,Нагатинская
1209,1,4,17,36.1,,16,ЦАО,Басманный,Электрозаводская
1210,1,9,37,42.8,22170400,12,СВАО,Останкинский,Алексеевская
1211,3,7,9,60.0,22800000,6,ЗАО,Кунцево,Кунцевская
1212,3,2,4,62.0,24300000,8,СВАО,Марьина роща,Марьина Роща
1213,1,16,22,48.6,27343186,10,СВАО,Останкинский,ВДНХ
1214,3,32,33,69.0,27900000,10,ЗАО,Кунцево,Крылатское
1215,2,6,22,59.0,28100000,8,ЮВАО,Лефортово,Авиамоторная
1216,3,14,17,74.9,28500000,,ЗАО,Раменки,
1217,2,5,19,52.0,29200000,12,СЗАО,Хорошево,Шелепиха
1218,3,26,32,75.5,30000000,5,ЮВАО,Марьино,Курьяново
1219,2,7,7,78.0,30500000,12,ЦАО,Таганский,Калитники
1220,1,11,41,40.2,33369885,12,САО,Хорошевский,Аэропорт
1221,1,4,13,43.6,37000000,12,ЦАО,Пресненский,Улица 1905 года
1222,3,3,14,72.0,38000000,5,ЗАО,Раменки,Минская
1223,3,11,29,76.0,43300000,19,ЮАО,Даниловский,Автозаводская
1224,2,4,4,75.7,46350000,8,СВАО,Марьина роща,Марьина Роща
1225,3,40,78,70.0,49000000,3,ЦАО,Пресненский,Москва
1226,3,9,10,101.1,50500000,9,ЦАО,Таганский,Чкаловская
1227,3,4,17,152.0,51500000,8,ЗАО,Можайский,Давыдково
1228,2,42,78,60.0,55000000,3,ЦАО,Пресненский,Москва
1229,3,13,17,85.0,58000000,4,САО,Беговой,Белорусская
1230,2,49,58,106.1,67500000,9,СЗАО,Хорошево,Народное Ополчение
1231,3,8,8,106.3,68000000,3,ЦАО,Арбат,Смоленская
1232,3,3,57,115.0,67970000,10,САО,Хорошевский,Аэропорт
1233,2,16,20,67.0,72500000,13,ЦАО,Пресненский,Москва
1234,3,18,57,116.5,74980000,10,САО,Хорошевский,Аэропорт
1235,2,63,79,85.0,90000000,3,ЦАО,Пресненский,Москва
1236,2,4,8,77.0,91823899,10,ЦАО,Якиманка,Новокузнецкая
1237,2,2,8,77.0,100000000,11,ЦАО,Якиманка,Новокузнецкая
1238,3,54,78,134.0,100500000,3,ЦАО,Пресненский,Москва
1239,3,13,15,136.2,105000000,2,ЗАО,Раменки,Ломоносовский проспект
1240,2,9,15,97.25,126490000,8,ЦАО,Хамовники,Спортивная
1241,1,1,17,28.0,6200000,18,НАО (Новомосковский),,Остафьево
1242,1,7,12,27.6,6950000,6,ЗелАО,Матушкино,Зеленоград
1243,1,9,15,33.5,8128776,16,НАО (Новомосковский),,Коммунарка
1244,1,2,6,31.0,8160000,12,НАО (Новомосковский),,Филатов Луг
1245,1,20,25,33.9,8250000,7,НАО (Новомосковский),,Коммунарка
1246,1,5,30,28.4,8800000,13,ЮЗАО,Южное Бутово,Бунинская аллея
1247,1,5,5,30.0,9900000,14,ВАО,Перово,Перово
1248,1,5,9,33.1,9990000,3,САО,Восточное Дегунино,Дегунино
1249,2,6,12,57.0,10400000,13,НАО (Новомосковский),,Филатов Луг
1250,1,9,16,36.4,10500000,15,ЮЗАО,Южное Бутово,Бунинская аллея
1251,1,9,14,41.16,10473080,5,ЗелАО,Силино,Зеленоград
1252,22,10,17,52.0,10899990,10,НАО (Новомосковский),,Рассказовка
1253,1,12,15,35.8,11323589,16,НАО (Новомосковский),,Прокшино
1254,1,12,14,39.3,11900000,4,ВАО,Перово,Перово
1255,2,3,5,46.7,12190000,10,ВАО,Новогиреево,Новогиреево
1256,2,3,16,54.6,12300000,5,ВАО,Гольяново,Щёлковская
1257,2,17,17,56.6,13200000,7,НАО (Новомосковский),,Рассказовка
1258,2,6,14,53.3,13290000,5,ВАО,Гольяново,Щёлковская
1259,2,14,19,51.3,13950000,8,НАО (Новомосковский),,Рассказовка
1260,2,15,21,37.26,15800000,17,САО,Хорошевский,Полежаевская
1261,1,3,23,36.0,16590000,10,ЮВАО,Лефортово,Авиамоторная
1262,2,3,18,55.8,17000000,6,ЮВАО,Кузьминки,Кузьминки
1263,1,6,15,33.0,17000000,10,САО,Хорошевский,ЦСКА
1264,2,8,24,50.7,17200000,4,ЗАО,Можайский,Сетунь
1265,2,12,12,38.7,17690000,5,ЦАО,Пресненский,Шелепиха
1266,1,2,14,43.7,19600000,19,ЮВАО,Лефортово,Площадь Ильича
1267,1,2,27,44.0,20200000,17,САО,Хорошевский,Полежаевская
1268,2,7,7,78.7,20990000,10,ЮВАО,Южнопортовый,Кожуховская
1269,1,7,30,36.6,21800000,5,СЗАО,Хорошево,Хорошёвская
1270,1,11,13,49.0,22100000,4,ЦАО,Таганский,Таганская
1271,3,22,22,63.0,24200000,6,СВАО,Ярославский,ВДНХ
1272,2,2,20,45.0,25500000,6,СЗАО,Хорошево,Народное Ополчение
1273,3,10,12,82.0,26500000,8,СЗАО,Куркино,Молжаниново
1274,3,15,21,77.0,27100000,10,САО,Хорошевский,Зорге
1275,1,9,41,40.5,27000000,13,САО,Хорошевский,Аэропорт
1276,3,12,16,65.0,28000000,12,СВАО,Бибирево,Бибирево
1277,2,22,42,61.6,27990000,5,ЗАО,Филевский парк,Фили
1278,2,6,16,64.3,29200000,13,ЮАО,Даниловский,ЗИЛ
1279,12,4,25,71.0,30600000,17,ЗАО,Раменки,Аминьевская
1280,1,13,41,41.5,31000000,12,САО,Хорошевский,Аэропорт
1281,2,9,10,75.0,31500000,9,ЦАО,Басманный,Бауманская
1282,1,16,40,41.1,31500000,11,САО,Хорошевский,ЦСКА
1283,3,5,38,70.0,31770000,20,ЮЗАО,Котловка,Нагорная
1284,2,18,22,53.0,32000000,4,ЗАО,Очаково,Матвеевская
1285,1,9,40,41.5,32000000,11,САО,Хорошевский,ЦСКА
1286,2,2,22,72.5,32500000,15,ЗАО,Филевский парк,Фили
1287,2,12,36,71.0,33800000,14,СЗАО,Хорошево,Шелепиха
1288,2,15,20,64.4,34000000,16,СЗАО,Хорошево,Шелепиха
1289,1,8,41,41.5,34000000,13,САО,Хорошевский,Аэропорт
1290,1,3,40,45.5,34500000,11,САО,Хорошевский,ЦСКА
1291,3,9,10,76.0,35000000,12,САО,Сокол,Стрешнево
1292,3,1,19,115.0,35500000,12,СЗАО,Хорошево,Шелепиха
1293,3,2,23,80.0,35500000,12,ЗАО,Можайский,Кунцевская
1294,3,7,38,95.7,36300000,11,СВАО,Ростокино,Ростокино
1295,2,4,11,79.0,36500000,7,ВАО,Преображенское,Преображенская площадь
1296,3,4,11,79.9,36500000,7,ВАО,Преображенское,Преображенская площадь
1297,2,2,8,65.0,37000000,6,ЦАО,Басманный,Чистые пруды
1298,2,4,8,50.0,37000000,14,ЮЗАО,Гагаринский,Ленинский проспект
1299,2,9,14,67.0,38000000,5,ЗАО,Раменки,Минская
1300,3,7,34,97.4,37900000,5,САО,Аэропорт,Гражданская
1301,2,4,11,65.0,39000000,13,ЗАО,Дорогомилово,Киевская
1302,3,8,28,120.0,39000000,19,САО,Ховрино,Речной вокзал
1303,3,7,8,80.0,39990000,11,ЮЗАО,Гагаринский,Университет
1304,2,2,14,85.0,40500000,13,ЦАО,Хамовники,Фрунзенская
1305,3,8,12,77.3,40877000,5,ЦАО,Тверской,Маяковская
1306,3,5,5,73.4,42000000,1,ЦАО,Тверской,Новослободская
1307,3,8,16,82.3,42000000,5,ЮАО,Даниловский,Крестьянская застава
1308,3,18,40,85.0,43500000,4,ЗАО,Раменки,Аминьевская
1309,2,4,5,80.0,44000000,10,ЦАО,Арбат,Арбатская
1310,3,37,58,129.0,44900000,13,СВАО,Ростокино,Ростокино
1311,2,1,6,50.0,45000000,9,ЦАО,Замоскворечье,Третьяковская
1312,3,5,5,80.0,45000000,6,ЦАО,Тверской,Маяковская
1313,2,3,7,45.0,45000000,13,ЦАО,Пресненский,Улица 1905 года
1314,3,4,11,86.0,46500000,14,ЦАО,Хамовники,Лужники
1315,2,7,14,67.0,48000000,3,ЗАО,Дорогомилово,Киевская
1316,2,14,22,86.2,50000000,6,ЮАО,Донской,Ленинский проспект
1317,3,3,10,62.5,52000000,5,ЦАО,Арбат,Смоленская
1318,2,7,9,55.1,53000000,8,ЦАО,Пресненский,Пушкинская
1319,3,5,7,73.4,53400000,13,ЦАО,Пресненский,Улица 1905 года
1320,3,17,24,82.0,54000000,10,СЗАО,Хорошево,Шелепиха
1321,3,4,23,96.0,57000000,12,ЮЗАО,Обручевский,Новые Черёмушки
1322,3,9,9,86.6,57500000,3,ЦАО,Басманный,Курская
1323,3,14,14,78.0,60000000,3,ЗАО,Дорогомилово,Киевская
1324,2,3,40,81.7,59500000,11,САО,Хорошевский,ЦСКА
1325,3,13,28,96.0,63000000,14,ЗАО,Филевский парк,Парк Победы
1326,3,2,17,105.0,64900000,19,ЗАО,Раменки,Поклонная
1327,2,5,6,49.6,66960000,10,ЦАО,Хамовники,Парк Культуры
1328,3,3,14,130.0,67800000,9,СВАО,Марьина роща,Достоевская
1329,2,4,20,65.1,68000000,12,ЦАО,Пресненский,Москва
1330,2,3,3,107.8,70000000,9,СЗАО,Покровское,Балтийская
1331,3,2,3,150.1,72000000,7,ЦАО,Таганский,Таганская
1332,3,37,41,97.2,72500000,13,САО,Хорошевский,Аэропорт
1333,3,5,23,128.0,73500000,18,ЗАО,Очаково,Матвеевская
1334,3,18,57,116.0,75000000,10,САО,Хорошевский,Аэропорт
1335,2,5,7,66.2,77826250,6,ЦАО,Арбат,Арбатская
1336,3,6,10,99.7,78000000,4,ЗАО,Дорогомилово,Поклонная
1337,1,63,66,86.0,90000000,4,ЦАО,Пресненский,Деловой центр
1338,2,3,7,70.0,92690000,6,ЦАО,Арбат,Арбатская
1339,13,4,15,160.0,95000000,16,ЗАО,Раменки,Ломоносовский проспект
1340,3,3,10,101.0,96000000,4,ЗАО,Дорогомилово,Поклонная
1341,2,4,6,75.1,99000000,10,ЦАО,Хамовники,Парк Культуры
1342,2,7,12,77.2,104900000,8,ЦАО,Хамовники,Фрунзенская
1343,3,3,11,116.69,116690000,9,ЗАО,Дорогомилово,Парк Победы
1344,3,5,8,87.0,121800000,11,ЦАО,Таганский,Китай
1345,3,4,6,111.3,133560000,10,ЦАО,Хамовники,Парк Культуры
1346,3,1,3,229.0,140000000,5,СЗАО,Хорошево,Народное Ополчение
1347,3,5,6,122.6,147120000,10,ЦАО,Хамовники,Парк Культуры
1348,3,2,8,152.2,155000000,6,ЦАО,Хамовники,Спортивная
1349,2,2,6,107.0,168955975,13,ЦАО,Таганский,Чкаловская
1350,3,3,9,130.0,175500000,12,ЦАО,Хамовники,Киевская
1351,3,12,13,180.0,180000000,5,ЦАО,Арбат,Смоленская
1352,3,8,10,141.0,222000000,6,ЦАО,Замоскворечье,Новокузнецкая
1353,3,3,4,122.0,268000000,11,ЦАО,Пресненский,Арбатская
1354,3,3,6,162.0,290000000,5,ЦАО,Хамовники,Парк Культуры
1355,2,2,9,37.1,10990000,11,СВАО,Ростокино,Ростокино
1356,2,21,22,39.9,12990000,4,НАО (Новомосковский),,Филатов Луг
1357,2,5,17,55.9,18400000,13,СВАО,Отрадное,Окружная
1358,1,18,22,43.0,19500000,6,СЗАО,Щукино,Стрешнево
1359,1,11,34,46.4,19990000,7,ЮЗАО,Обручевский,Воронцовская
1360,1,18,22,43.0,20700000,6,СЗАО,Щукино,Стрешнево
1361,3,10,17,73.7,23000000,12,ЗАО,Кунцево,Молодёжная
1362,2,4,14,43.0,27000000,5,ЗАО,Раменки,Минская
1363,3,10,18,63.9,27250000,7,ЦАО,Таганский,Марксистская
1364,3,3,20,70.0,28400000,11,ЮАО,Даниловский,Технопарк
1365,1,9,26,48.8,29900000,13,ЮЗАО,Черемушки,Зюзино
1366,2,14,29,50.1,30500000,5,СЗАО,Хорошево,Хорошёвская
1367,22,3,19,47.7,32500000,5,ЗАО,Раменки,Аминьевская
1368,3,15,28,63.3,33250000,6,ЗАО,Раменки,Раменки
1369,2,4,11,62.7,33100000,10,ЗАО,Раменки,Раменки
1370,3,3,6,127.0,34300000,11,ТАО (Троицкий),,Крёкшино
1371,3,3,6,127.0,34300000,11,ТАО (Троицкий),,Крёкшино
